,TotalNeeded
0,0
1,0
2,0
3,0
4,0
5,8
6,8
7,8
8,8
9,8
10,8
11,8
12,8
13,8
14,8
15,8
16,8
17,8
18,8
19,8
20,7
21,7
22,7
23,7
24,7
25,7
26,7
27,7
28,9
29,9
30,9
31,9
32,9
33,9
34,9
35,9
36,9
37,9
38,9
39,9
40,9
41,8
42,8
43,8
44,8
45,8
46,8
47,8
48,8
49,8
50,8
51,7
52,7
53,7
54,7
55,7
56,7
57,7
58,7
59,7
60,7
61,7
62,7
63,7
64,7
65,7
66,7
67,7
68,7
69,7
70,7
71,7
72,6
73,6
74,6
75,6
76,6
77,6
78,6
79,6
80,6
81,6
82,6
83,6
84,5
85,5
86,5
87,5
88,5
89,5
90,5
91,5
92,5
93,4
94,4
95,4
96,4
97,4
98,4
99,4
100,3
101,3
102,3
103,3
104,3
105,3
106,2
107,10
108,10
109,9
110,9
111,9
112,9
113,9
114,9
115,9
116,9
117,9
118,8
119,8
120,8
121,8
122,7
123,7
124,7
125,7
126,7
127,6
128,6
129,6
130,6
131,6
132,6
133,6
134,6
135,6
136,6
137,6
138,6
139,5
140,5
141,5
142,5
143,5
144,5
145,5
146,5
147,5
148,5
149,5
150,5
151,5
152,5
153,5
154,5
155,5
156,5
157,13
158,13
159,13
160,13
161,13
162,13
163,13
164,13
165,12
166,12
167,12
168,12
169,12
170,12
171,12
172,12
173,11
174,11
175,10
176,10
177,10
178,10
179,10
180,10
181,10
182,10
183,9
184,9
185,9
186,9
187,9
188,9
189,9
190,9
191,9
192,9
193,9
194,9
195,9
196,9
197,9
198,9
199,9
200,9
201,9
202,9
203,9
204,9
205,9
206,9
207,9
208,9
209,9
210,9
211,9
212,9
213,9
214,9
215,9
216,9
217,9
218,9
219,9
220,9
221,8
222,8
223,8
224,8
225,7
226,7
227,7
228,7
229,7
230,7
231,7
232,7
233,7
234,6
235,6
236,6
237,5
238,5
239,5
240,4
241,4
242,4
243,4
244,4
245,3
246,3
247,3
248,3
249,3
250,3
251,3
252,3
253,3
254,3
255,3
256,3
257,3
258,3
259,3
260,3
261,3
262,3
263,3
264,3
265,3
266,3
267,3
268,3
269,3
270,3
271,3
272,3
273,3
274,3
275,3
276,3
277,3
278,3
279,3
280,2
281,2
282,2
283,2
284,2
285,2
286,2
287,2
288,1
289,1
290,1
291,1
292,1
293,1
294,1
295,1
296,1
297,1
298,1
299,1
300,1
301,1
302,1
303,1
304,1
305,1
306,1
307,1
308,0
309,0
310,0
311,0
312,0
313,0
314,0
315,0
316,0
317,0
318,0
319,0
320,0
321,0
322,0
323,0
324,0
325,0
326,0
327,0
328,0
329,0
330,0
331,0
332,0
333,0
334,0
335,0
336,0
337,0
338,0
339,0
340,0
341,0
342,0
343,0
344,0
345,0
346,0
347,0
348,0
349,0
350,0
351,0
352,0
353,0
354,0
355,0
356,0
357,0
358,0
359,8
360,8
361,8
362,8
363,8
364,7
365,7
366,7
367,7
368,7
369,7
370,7
371,7
372,7
373,7
374,7
375,7
376,7
377,7
378,6
379,6
380,6
381,6
382,8
383,8
384,8
385,8
386,8
387,8
388,7
389,7
390,7
391,6
392,6
393,6
394,5
395,5
396,5
397,5
398,5
399,5
400,5
401,5
402,5
403,5
404,5
405,5
406,12
407,12
408,11
409,11
410,11
411,11
412,10
413,10
414,10
415,10
416,10
417,9
418,9
419,9
420,9
421,8
422,8
423,8
424,8
425,8
426,8
427,8
428,8
429,8
430,8
431,8
432,8
433,8
434,8
435,8
436,8
437,8
438,8
439,8
440,8
441,8
442,8
443,8
444,8
445,8
446,8
447,8
448,8
449,8
450,8
451,7
452,7
453,7
454,7
455,7
456,7
457,7
458,7
459,7
460,7
461,7
462,7
463,7
464,7
465,7
466,7
467,6
468,6
469,8
470,8
471,8
472,8
473,8
474,8
475,7
476,7
477,7
478,7
479,7
480,7
481,6
482,6
483,6
484,6
485,6
486,6
487,6
488,6
489,6
490,6
491,6
492,6
493,6
494,6
495,6
496,6
497,5
498,5
499,5
500,5
501,5
502,5
503,5
504,5
505,5
506,5
507,5
508,5
509,13
510,13
511,13
512,13
513,13
514,13
515,13
516,11
517,11
518,11
519,11
520,11
521,11
522,11
523,11
524,11
525,10
526,10
527,9
528,9
529,9
530,9
531,9
532,9
533,9
534,9
535,9
536,9
537,8
538,8
539,8
540,8
541,8
542,7
543,7
544,7
545,7
546,7
547,7
548,7
549,7
550,7
551,7
552,7
553,6
554,6
555,5
556,5
557,5
558,5
559,5
560,5
561,5
562,5
563,5
564,5
565,5
566,5
567,5
568,5
569,5
570,5
571,5
572,7
573,7
574,7
575,7
576,7
577,7
578,7
579,6
580,6
581,5
582,5
583,5
584,5
585,5
586,5
587,5
588,5
589,5
590,5
591,5
592,14
593,14
594,14
595,14
596,14
597,13
598,20
599,20
600,20
601,19
602,19
603,19
604,19
605,19
606,19
607,19
608,18
609,18
610,18
611,17
612,16
613,16
614,16
615,16
616,16
617,15
618,15
619,15
620,15
621,15
622,15
623,15
624,15
625,15
626,15
627,15
628,15
629,15
630,15
631,15
632,15
633,14
634,14
635,14
636,14
637,13
638,13
639,13
640,13
641,13
642,13
643,13
644,12
645,12
646,12
647,12
648,12
649,12
650,21
651,21
652,21
653,20
654,20
655,20
656,20
657,20
658,20
659,20
660,20
661,20
662,20
663,20
664,19
665,19
666,19
667,19
668,19
669,19
670,19
671,19
672,19
673,19
674,19
675,19
676,18
677,18
678,18
679,18
680,18
681,18
682,17
683,17
684,17
685,17
686,16
687,16
688,15
689,15
690,15
691,15
692,14
693,14
694,14
695,14
696,14
697,13
698,13
699,13
700,13
701,13
702,12
703,12
704,12
705,12
706,12
707,12
708,12
709,13
710,12
711,12
712,12
713,12
714,12
715,12
716,12
717,12
718,11
719,11
720,11
721,11
722,11
723,11
724,11
725,11
726,11
727,11
728,10
729,10
730,10
731,9
732,9
733,9
734,9
735,9
736,9
737,9
738,9
739,9
740,9
741,9
742,9
743,9
744,9
745,9
746,9
747,9
748,9
749,9
750,9
751,9
752,9
753,9
754,8
755,8
756,8
757,8
758,8
759,8
760,8
761,8
762,7
763,7
764,6
765,6
766,6
767,6
768,5
769,5
770,5
771,4
772,4
773,10
774,9
775,9
776,8
777,8
778,8
779,8
780,8
781,7
782,7
783,7
784,7
785,7
786,7
787,7
788,7
789,7
790,14
791,14
792,13
793,13
794,13
795,13
796,13
797,12
798,12
799,12
800,12
801,12
802,12
803,11
804,11
805,11
806,11
807,11
808,11
809,11
810,11
811,11
812,11
813,11
814,11
815,11
816,11
817,11
818,11
819,11
820,11
821,11
822,11
823,11
824,10
825,10
826,10
827,9
828,9
829,8
830,8
831,8
832,8
833,8
834,8
835,8
836,8
837,8
838,8
839,8
840,8
841,8
842,8
843,7
844,7
845,7
846,6
847,6
848,8
849,7
850,7
851,7
852,6
853,6
854,6
855,6
856,6
857,6
858,6
859,6
860,5
861,5
862,5
863,5
864,9
865,10
866,10
867,10
868,15
869,15
870,15
871,15
872,14
873,14
874,13
875,13
876,13
877,13
878,13
879,13
880,13
881,13
882,13
883,13
884,13
885,11
886,11
887,11
888,11
889,11
890,11
891,11
892,11
893,11
894,10
895,16
896,20
897,20
898,20
899,20
900,19
901,18
902,18
903,18
904,18
905,17
906,17
907,25
908,25
909,25
910,25
911,25
912,25
913,25
914,25
915,24
916,24
917,24
918,24
919,24
920,24
921,23
922,23
923,23
924,22
925,22
926,22
927,22
928,22
929,22
930,22
931,22
932,21
933,20
934,19
935,19
936,18
937,18
938,18
939,18
940,17
941,17
942,17
943,17
944,16
945,16
946,15
947,15
948,23
949,23
950,23
951,23
952,23
953,22
954,22
955,22
956,22
957,22
958,22
959,22
960,22
961,22
962,22
963,21
964,21
965,20
966,20
967,20
968,20
969,19
970,18
971,18
972,17
973,17
974,17
975,17
976,17
977,17
978,16
979,16
980,16
981,16
982,16
983,15
984,24
985,24
986,24
987,24
988,24
989,24
990,24
991,24
992,23
993,22
994,22
995,22
996,22
997,22
998,22
999,22
1000,22
1001,25
1002,24
1003,24
1004,23
1005,23
1006,22
1007,22
1008,22
1009,22
1010,22
1011,22
1012,26
1013,25
1014,25
1015,24
1016,24
1017,23
1018,23
1019,22
1020,30
1021,29
1022,29
1023,27
1024,25
1025,24
1026,23
1027,22
1028,22
1029,22
1030,22
1031,22
1032,22
1033,22
1034,22
1035,22
1036,22
1037,21
1038,21
1039,21
1040,21
1041,21
1042,21
1043,21
1044,20
1045,19
1046,18
1047,18
1048,17
1049,17
1050,17
1051,17
1052,16
1053,16
1054,15
1055,15
1056,15
1057,15
1058,14
1059,14
1060,13
1061,12
1062,11
1063,11
1064,11
1065,11
1066,11
1067,11
1068,11
1069,11
1070,11
1071,11
1072,11
1073,11
1074,11
1075,11
1076,11
1077,11
1078,11
1079,11
1080,10
1081,10
1082,9
1083,9
1084,9
1085,9
1086,9
1087,9
1088,9
1089,9
1090,8
1091,8
1092,8
1093,8
1094,8
1095,8
1096,10
1097,10
1098,9
1099,9
1100,9
1101,9
1102,9
1103,9
1104,9
1105,9
1106,9
1107,9
1108,9
1109,9
1110,9
1111,9
1112,9
1113,9
1114,8
1115,8
1116,8
1117,8
1118,8
1119,8
1120,8
1121,8
1122,8
1123,8
1124,8
1125,8
1126,8
1127,8
1128,8
1129,8
1130,8
1131,8
1132,8
1133,8
1134,8
1135,7
1136,7
1137,7
1138,7
1139,7
1140,7
1141,7
1142,7
1143,7
1144,7
1145,7
1146,7
1147,7
1148,7
1149,7
1150,7
1151,7
1152,7
1153,7
1154,7
1155,7
1156,6
1157,6
1158,6
1159,6
1160,6
1161,6
1162,6
1163,6
1164,6
1165,5
1166,5
1167,5
1168,5
1169,5
1170,4
1171,4
1172,4
1173,4
1174,4
1175,4
1176,4
1177,4
1178,4
1179,4
1180,4
1181,4
1182,4
1183,2
1184,1
1185,1
1186,1
1187,1
1188,1
1189,1
1190,1
1191,1
1192,1
1193,1
1194,1
1195,0
1196,0
1197,0
1198,0
1199,0
1200,0
1201,0
1202,0
1203,0
1204,0
1205,0
1206,0
1207,0
1208,0
1209,0
1210,0
1211,0
1212,0
1213,0
1214,0
1215,0
1216,0
1217,0
1218,0
1219,0
1220,3
1221,3
1222,3
1223,3
1224,3
1225,8
1226,8
1227,8
1228,8
1229,8
1230,8
1231,8
1232,8
1233,7
1234,6
1235,6
1236,6
1237,6
1238,6
1239,6
1240,6
1241,6
1242,6
1243,6
1244,6
1245,6
1246,6
1247,6
1248,5
1249,5
1250,5
1251,5
1252,5
1253,5
1254,5
1255,5
1256,5
1257,5
1258,5
1259,5
1260,5
1261,5
1262,19
1263,19
1264,19
1265,18
1266,25
1267,25
1268,25
1269,25
1270,25
1271,25
1272,24
1273,24
1274,23
1275,23
1276,23
1277,22
1278,21
1279,21
1280,21
1281,20
1282,20
1283,20
1284,20
1285,20
1286,19
1287,19
1288,18
1289,18
1290,18
1291,17
1292,17
1293,17
1294,17
1295,21
1296,20
1297,20
1298,20
1299,19
1300,19
1301,19
1302,26
1303,26
1304,24
1305,24
1306,24
1307,24
1308,23
1309,23
1310,23
1311,23
1312,23
1313,22
1314,22
1315,22
1316,21
1317,21
1318,21
1319,21
1320,20
1321,20
1322,20
1323,19
1324,19
1325,19
1326,19
1327,18
1328,17
1329,17
1330,16
1331,16
1332,16
1333,15
1334,15
1335,15
1336,14
1337,13
1338,12
1339,12
1340,12
1341,12
1342,12
1343,12
1344,11
1345,11
1346,11
1347,11
1348,10
1349,10
1350,9
1351,9
1352,9
1353,8
1354,8
1355,8
1356,8
1357,8
1358,8
1359,8
1360,8
1361,8
1362,7
1363,7
1364,5
1365,5
1366,5
1367,5
1368,5
1369,5
1370,5
1371,5
1372,5
1373,5
1374,5
1375,5
1376,5
1377,5
1378,5
1379,5
1380,5
1381,5
1382,5
1383,5
1384,5
1385,5
1386,5
1387,5
1388,5
1389,5
1390,5
1391,5
1392,5
1393,5
1394,5
1395,5
1396,4
1397,4
1398,4
1399,4
1400,4
1401,4
1402,4
1403,4
1404,4
1405,4
1406,4
1407,4
1408,4
1409,4
1410,4
1411,4
1412,4
1413,4
1414,4
1415,4
1416,4
1417,4
1418,4
1419,4
1420,4
1421,4
1422,4
1423,3
1424,3
1425,3
1426,3
1427,3
1428,3
1429,3
1430,3
1431,3
1432,3
1433,3
1434,3
1435,3
1436,3
1437,3
1438,3
1439,3
1440,3
1441,3
1442,3
1443,3
1444,3
1445,3
1446,3
1447,3
1448,3
1449,3
1450,1
1451,1
1452,1
1453,1
1454,1
1455,1
1456,1
1457,0
1458,0
1459,0
1460,0
1461,0
1462,0
1463,0
1464,0
1465,0
1466,0
1467,0
1468,0
1469,0
1470,0
1471,0
1472,0
1473,0
1474,0
1475,0
1476,0
1477,0
1478,0
1479,0
1480,0
1481,0
1482,0
1483,0
1484,0
1485,0
1486,0
1487,0
1488,0
1489,0
1490,0
1491,0
1492,0
1493,0
1494,0
1495,0
1496,0
1497,0
1498,0
1499,0
1500,0
1501,0
1502,0
1503,0
1504,0
1505,0
1506,0
1507,0
1508,0
1509,0
1510,0
1511,0
1512,0
1513,0
1514,0
1515,0
1516,0
1517,0
1518,0
1519,0
1520,0
1521,2
1522,2
1523,2
1524,2
1525,2
1526,2
1527,2
1528,2
1529,2
1530,2
1531,2
1532,2
1533,2
1534,1
1535,1
1536,1
1537,1
1538,1
1539,1
1540,1
1541,1
1542,1
1543,1
1544,0
1545,0
1546,0
1547,0
1548,0
1549,0
1550,0
1551,0
1552,0
1553,0
1554,0
1555,0
1556,0
1557,0
1558,0
1559,0
1560,0
1561,0
1562,0
1563,0
1564,0
1565,0
1566,0
1567,0
1568,0
1569,0
1570,0
1571,0
1572,0
1573,0
1574,0
1575,0
1576,0
1577,0
1578,0
1579,0
1580,0
1581,0
1582,0
1583,0
1584,0
1585,0
1586,0
1587,0
1588,0
1589,0
1590,0
1591,0
1592,9
1593,9
1594,9
1595,9
1596,9
1597,9
1598,9
1599,9
1600,9
1601,9
1602,9
1603,9
1604,9
1605,9
1606,9
1607,9
1608,9
1609,9
1610,9
1611,9
1612,9
1613,8
1614,8
1615,8
1616,10
1617,10
1618,10
1619,10
1620,10
1621,10
1622,10
1623,10
1624,10
1625,10
1626,10
1627,10
1628,10
1629,10
1630,15
1631,15
1632,15
1633,15
1634,15
1635,15
1636,15
1637,15
1638,15
1639,15
1640,15
1641,15
1642,15
1643,14
1644,14
1645,13
1646,13
1647,13
1648,13
1649,13
1650,13
1651,12
1652,12
1653,12
1654,12
1655,12
1656,12
1657,12
1658,12
1659,12
1660,12
1661,16
1662,16
1663,16
1664,16
1665,16
1666,16
1667,15
1668,15
1669,15
1670,14
1671,14
1672,14
1673,14
1674,13
1675,13
1676,13
1677,13
1678,13
1679,12
1680,12
1681,12
1682,11
1683,10
1684,10
1685,10
1686,10
1687,9
1688,8
1689,8
1690,8
1691,7
1692,7
1693,7
1694,7
1695,7
1696,6
1697,6
1698,6
1699,6
1700,6
1701,6
1702,6
1703,6
1704,6
1705,6
1706,6
1707,6
1708,6
1709,6
1710,5
1711,5
1712,5
1713,4
1714,4
1715,4
1716,3
1717,3
1718,3
1719,3
1720,3
1721,3
1722,3
1723,3
1724,3
1725,3
1726,3
1727,6
1728,6
1729,6
1730,6
1731,6
1732,6
1733,6
1734,6
1735,6
1736,6
1737,6
1738,6
1739,6
1740,6
1741,6
1742,6
1743,5
1744,5
1745,5
1746,5
1747,5
1748,5
1749,4
1750,4
1751,4
1752,4
1753,4
1754,4
1755,4
1756,4
1757,4
1758,4
1759,4
1760,3
1761,3
1762,3
1763,3
1764,3
1765,3
1766,3
1767,3
1768,11
1769,11
1770,11
1771,11
1772,11
1773,11
1774,11
1775,11
1776,11
1777,11
1778,11
1779,11
1780,10
1781,10
1782,9
1783,9
1784,9
1785,9
1786,9
1787,9
1788,9
1789,9
1790,9
1791,8
1792,8
1793,7
1794,7
1795,12
1796,13
1797,13
1798,13
1799,13
1800,13
1801,13
1802,20
1803,20
1804,20
1805,19
1806,18
1807,18
1808,17
1809,17
1810,17
1811,17
1812,17
1813,23
1814,23
1815,23
1816,23
1817,23
1818,23
1819,23
1820,23
1821,23
1822,23
1823,23
1824,22
1825,22
1826,21
1827,20
1828,20
1829,20
1830,19
1831,19
1832,19
1833,18
1834,18
1835,18
1836,18
1837,18
1838,18
1839,18
1840,17
1841,17
1842,17
1843,16
1844,15
1845,15
1846,15
1847,15
1848,15
1849,15
1850,15
1851,15
1852,15
1853,14
1854,14
1855,14
1856,13
1857,12
1858,12
1859,12
1860,12
1861,12
1862,12
1863,15
1864,15
1865,15
1866,14
1867,14
1868,14
1869,14
1870,14
1871,14
1872,13
1873,13
1874,13
1875,13
1876,13
1877,13
1878,12
1879,12
1880,12
1881,12
1882,12
1883,12
1884,12
1885,12
1886,12
1887,12
1888,10
1889,10
1890,9
1891,9
1892,9
1893,9
1894,9
1895,9
1896,9
1897,9
1898,9
1899,9
1900,8
1901,8
1902,10
1903,9
1904,9
1905,9
1906,8
1907,8
1908,8
1909,8
1910,8
1911,8
1912,8
1913,8
1914,8
1915,7
1916,7
1917,7
1918,7
1919,6
1920,6
1921,6
1922,6
1923,6
1924,6
1925,6
1926,6
1927,6
1928,6
1929,6
1930,6
1931,6
1932,6
1933,6
1934,6
1935,6
1936,6
1937,6
1938,6
1939,6
1940,6
1941,6
1942,6
1943,6
1944,6
1945,5
1946,5
1947,5
1948,5
1949,5
1950,5
1951,5
1952,4
1953,4
1954,4
1955,4
1956,4
1957,4
1958,4
1959,4
1960,4
1961,3
1962,3
1963,3
1964,3
1965,3
1966,3
1967,3
1968,3
1969,3
1970,3
1971,3
1972,3
1973,3
1974,3
1975,3
1976,3
1977,3
1978,3
1979,3
1980,3
1981,3
1982,3
1983,3
1984,3
1985,3
1986,3
1987,3
1988,3
1989,4
1990,3
1991,3
1992,3
1993,3
1994,3
1995,3
1996,3
1997,3
1998,3
1999,3
2000,3
2001,3
2002,3
2003,3
2004,3
2005,2
2006,2
2007,2
2008,2
2009,2
2010,2
2011,2
2012,2
2013,2
2014,2
2015,6
2016,6
2017,6
2018,6
2019,6
2020,6
2021,6
2022,6
2023,5
2024,5
2025,5
2026,5
2027,5
2028,5
2029,5
2030,5
2031,5
2032,5
2033,5
2034,5
2035,5
2036,5
2037,5
2038,5
2039,5
2040,4
2041,4
2042,4
2043,4
2044,4
2045,4
2046,4
2047,4
2048,4
2049,4
2050,4
2051,3
2052,3
2053,3
2054,3
2055,3
2056,3
2057,3
2058,3
2059,4
2060,3
2061,3
2062,3
2063,3
2064,11
2065,11
2066,11
2067,11
2068,11
2069,10
2070,10
2071,10
2072,10
2073,13
2074,13
2075,13
2076,13
2077,12
2078,12
2079,12
2080,11
2081,11
2082,11
2083,11
2084,11
2085,11
2086,11
2087,11
2088,11
2089,16
2090,18
2091,18
2092,25
2093,25
2094,24
2095,23
2096,23
2097,23
2098,23
2099,23
2100,23
2101,23
2102,23
2103,22
2104,22
2105,22
2106,22
2107,22
2108,22
2109,21
2110,20
2111,19
2112,19
2113,17
2114,17
2115,17
2116,16
2117,15
2118,15
2119,14
2120,14
2121,14
2122,14
2123,14
2124,14
2125,13
2126,13
2127,13
2128,17
2129,17
2130,16
2131,16
2132,16
2133,16
2134,16
2135,16
2136,15
2137,13
2138,13
2139,12
2140,12
2141,12
2142,12
2143,11
2144,11
2145,11
2146,11
2147,10
2148,10
2149,10
2150,10
2151,10
2152,10
2153,10
2154,10
2155,10
2156,10
2157,10
2158,10
2159,10
2160,10
2161,10
2162,10
2163,10
2164,9
2165,9
2166,9
2167,9
2168,10
2169,10
2170,10
2171,9
2172,9
2173,9
2174,9
2175,9
2176,9
2177,9
2178,9
2179,9
2180,9
2181,9
2182,9
2183,9
2184,9
2185,9
2186,9
2187,9
2188,9
2189,9
2190,9
2191,9
2192,8
2193,8
2194,8
2195,8
2196,8
2197,8
2198,8
2199,8
2200,8
2201,8
2202,7
2203,7
2204,6
2205,5
2206,5
2207,5
2208,5
2209,5
2210,5
2211,5
2212,5
2213,5
2214,5
2215,4
2216,4
2217,10
2218,10
2219,10
2220,10
2221,10
2222,10
2223,10
2224,10
2225,10
2226,10
2227,10
2228,10
2229,18
2230,18
2231,18
2232,18
2233,17
2234,17
2235,17
2236,16
2237,16
2238,15
2239,15
2240,15
2241,14
2242,16
2243,16
2244,16
2245,16
2246,16
2247,16
2248,16
2249,15
2250,15
2251,15
2252,15
2253,15
2254,15
2255,15
2256,14
2257,14
2258,14
2259,14
2260,14
2261,14
2262,14
2263,14
2264,14
2265,14
2266,14
2267,14
2268,14
2269,14
2270,14
2271,13
2272,13
2273,13
2274,13
2275,13
2276,13
2277,13
2278,13
2279,12
2280,12
2281,12
2282,12
2283,12
2284,12
2285,12
2286,12
2287,12
2288,11
2289,11
2290,11
2291,11
2292,10
2293,10
2294,10
2295,10
2296,10
2297,9
2298,9
2299,9
2300,9
2301,9
2302,9
2303,9
2304,9
2305,9
2306,9
2307,9
2308,9
2309,9
2310,9
2311,9
2312,9
2313,9
2314,9
2315,9
2316,9
2317,9
2318,9
2319,8
2320,8
2321,8
2322,8
2323,8
2324,8
2325,8
2326,8
2327,8
2328,8
2329,8
2330,8
2331,10
2332,10
2333,10
2334,10
2335,10
2336,9
2337,9
2338,9
2339,9
2340,8
2341,8
2342,8
2343,8
2344,6
2345,5
2346,4
2347,4
2348,4
2349,4
2350,3
2351,3
2352,3
2353,3
2354,3
2355,3
2356,3
2357,3
2358,3
2359,3
2360,3
2361,3
2362,3
2363,3
2364,3
2365,3
2366,3
2367,3
2368,3
2369,3
2370,3
2371,3
2372,3
2373,3
2374,3
2375,3
2376,3
2377,3
2378,3
2379,3
2380,3
2381,3
2382,11
2383,12
2384,12
2385,12
2386,12
2387,12
2388,12
2389,12
2390,12
2391,12
2392,12
2393,12
2394,12
2395,19
2396,19
2397,19
2398,19
2399,24
2400,24
2401,24
2402,23
2403,23
2404,23
2405,22
2406,22
2407,21
2408,21
2409,21
2410,21
2411,21
2412,21
2413,20
2414,20
2415,20
2416,20
2417,19
2418,19
2419,19
2420,19
2421,19
2422,17
2423,18
2424,18
2425,18
2426,18
2427,17
2428,17
2429,17
2430,17
2431,17
2432,17
2433,17
2434,17
2435,17
2436,17
2437,17
2438,17
2439,16
2440,16
2441,16
2442,16
2443,16
2444,16
2445,16
2446,16
2447,15
2448,15
2449,15
2450,14
2451,14
2452,14
2453,13
2454,12
2455,12
2456,12
2457,11
2458,11
2459,11
2460,10
2461,12
2462,12
2463,12
2464,12
2465,12
2466,12
2467,12
2468,12
2469,11
2470,11
2471,11
2472,11
2473,10
2474,10
2475,10
2476,10
2477,12
2478,12
2479,12
2480,12
2481,12
2482,12
2483,12
2484,20
2485,20
2486,19
2487,19
2488,19
2489,19
2490,19
2491,18
2492,18
2493,18
2494,17
2495,17
2496,16
2497,15
2498,15
2499,14
2500,14
2501,14
2502,13
2503,13
2504,12
2505,12
2506,11
2507,11
2508,9
2509,9
2510,9
2511,9
2512,9
2513,9
2514,8
2515,8
2516,8
2517,7
2518,7
2519,7
2520,7
2521,6
2522,6
2523,6
2524,6
2525,6
2526,6
2527,6
2528,6
2529,6
2530,6
2531,6
2532,6
2533,6
2534,6
2535,6
2536,6
2537,6
2538,6
2539,6
2540,6
2541,6
2542,6
2543,6
2544,6
2545,6
2546,6
2547,6
2548,5
2549,5
2550,5
2551,5
2552,5
2553,5
2554,5
2555,5
2556,5
2557,5
2558,5
2559,5
2560,4
2561,4
2562,4
2563,4
2564,4
2565,4
2566,4
2567,4
2568,4
2569,4
2570,4
2571,11
2572,11
2573,11
2574,10
2575,10
2576,10
2577,10
2578,10
2579,10
2580,9
2581,9
2582,9
2583,9
2584,9
2585,9
2586,9
2587,9
2588,9
2589,9
2590,9
2591,18
2592,18
2593,18
2594,18
2595,18
2596,18
2597,18
2598,17
2599,17
2600,17
2601,17
2602,17
2603,17
2604,17
2605,17
2606,17
2607,16
2608,16
2609,16
2610,15
2611,14
2612,14
2613,14
2614,14
2615,14
2616,13
2617,13
2618,13
2619,13
2620,13
2621,12
2622,12
2623,11
2624,11
2625,14
2626,14
2627,14
2628,14
2629,16
2630,16
2631,16
2632,16
2633,16
2634,16
2635,15
2636,15
2637,15
2638,15
2639,18
2640,18
2641,18
2642,18
2643,19
2644,19
2645,19
2646,18
2647,18
2648,18
2649,18
2650,17
2651,17
2652,16
2653,16
2654,15
2655,15
2656,15
2657,15
2658,15
2659,15
2660,14
2661,14
2662,14
2663,14
2664,14
2665,14
2666,13
2667,13
2668,13
2669,13
2670,13
2671,13
2672,13
2673,13
2674,13
2675,13
2676,13
2677,13
2678,13
2679,13
2680,13
2681,13
2682,12
2683,12
2684,12
2685,12
2686,14
2687,14
2688,14
2689,14
2690,14
2691,14
2692,14
2693,13
2694,13
2695,12
2696,11
2697,11
2698,11
2699,11
2700,11
2701,11
2702,10
2703,10
2704,10
2705,10
2706,13
2707,13
2708,13
2709,12
2710,11
2711,11
2712,11
2713,11
2714,11
2715,11
2716,11
2717,11
2718,10
2719,8
2720,8
2721,8
2722,8
2723,8
2724,8
2725,8
2726,8
2727,7
2728,7
2729,7
2730,7
2731,7
2732,7
2733,7
2734,7
2735,7
2736,7
2737,7
2738,7
2739,6
2740,6
2741,6
2742,6
2743,6
2744,6
2745,6
2746,6
2747,6
2748,6
2749,8
2750,7
2751,7
2752,7
2753,7
2754,7
2755,7
2756,7
2757,7
2758,7
2759,7
2760,7
2761,7
2762,7
2763,7
2764,7
2765,7
2766,7
2767,7
2768,7
2769,7
2770,7
2771,14
2772,14
2773,14
2774,14
2775,14
2776,13
2777,13
2778,13
2779,13
2780,13
2781,13
2782,13
2783,13
2784,13
2785,13
2786,13
2787,13
2788,13
2789,13
2790,13
2791,13
2792,13
2793,12
2794,12
2795,15
2796,15
2797,14
2798,14
2799,14
2800,13
2801,12
2802,12
2803,12
2804,12
2805,12
2806,12
2807,10
2808,10
2809,9
2810,9
2811,9
2812,12
2813,12
2814,10
2815,10
2816,9
2817,9
2818,9
2819,9
2820,9
2821,9
2822,8
2823,8
2824,8
2825,8
2826,8
2827,8
2828,8
2829,8
2830,8
2831,8
2832,8
2833,8
2834,8
2835,8
2836,6
2837,6
2838,6
2839,6
2840,6
2841,6
2842,6
2843,6
2844,6
2845,9
2846,9
2847,9
2848,13
2849,18
2850,18
2851,18
2852,18
2853,18
2854,18
2855,18
2856,18
2857,18
2858,18
2859,18
2860,17
2861,20
2862,19
2863,19
2864,19
2865,19
2866,19
2867,19
2868,19
2869,19
2870,19
2871,17
2872,16
2873,16
2874,16
2875,16
2876,15
2877,14
2878,14
2879,14
2880,14
2881,19
2882,20
2883,20
2884,20
2885,20
2886,20
2887,19
2888,18
2889,18
2890,18
2891,18
2892,17
2893,23
2894,23
2895,23
2896,23
2897,23
2898,23
2899,22
2900,22
2901,22
2902,21
2903,21
2904,21
2905,21
2906,21
2907,21
2908,20
2909,19
2910,19
2911,22
2912,26
2913,26
2914,24
2915,24
2916,23
2917,23
2918,23
2919,23
2920,21
2921,21
2922,21
2923,21
2924,20
2925,19
2926,19
2927,19
2928,19
2929,18
2930,18
2931,18
2932,18
2933,18
2934,18
2935,18
2936,18
2937,18
2938,18
2939,18
2940,18
2941,18
2942,18
2943,18
2944,18
2945,18
2946,18
2947,18
2948,17
2949,17
2950,17
2951,16
2952,16
2953,16
2954,16
2955,16
2956,17
2957,17
2958,17
2959,17
2960,17
2961,16
2962,16
2963,16
2964,15
2965,15
2966,15
2967,15
2968,15
2969,15
2970,15
2971,15
2972,15
2973,15
2974,15
2975,15
2976,15
2977,15
2978,15
2979,15
2980,15
2981,15
2982,15
2983,15
2984,15
2985,15
2986,15
2987,20
2988,20
2989,19
2990,19
2991,19
2992,19
2993,19
2994,19
2995,26
2996,26
2997,25
2998,28
2999,27
3000,26
3001,26
3002,26
3003,26
3004,26
3005,26
3006,26
3007,26
3008,26
3009,25
3010,23
3011,23
3012,23
3013,22
3014,22
3015,22
3016,22
3017,22
3018,22
3019,22
3020,21
3021,21
3022,21
3023,20
3024,20
3025,20
3026,20
3027,20
3028,20
3029,18
3030,18
3031,18
3032,17
3033,16
3034,16
3035,16
3036,15
3037,19
3038,19
3039,19
3040,19
3041,19
3042,18
3043,18
3044,18
3045,18
3046,21
3047,21
3048,20
3049,19
3050,19
3051,19
3052,19
3053,19
3054,19
3055,24
3056,24
3057,24
3058,24
3059,24
3060,24
3061,24
3062,23
3063,22
3064,21
3065,21
3066,21
3067,21
3068,21
3069,21
3070,21
3071,21
3072,21
3073,20
3074,19
3075,18
3076,15
3077,15
3078,15
3079,19
3080,19
3081,19
3082,18
3083,18
3084,18
3085,18
3086,17
3087,16
3088,16
3089,16
3090,15
3091,22
3092,22
3093,22
3094,21
3095,21
3096,21
3097,21
3098,21
3099,21
3100,20
3101,20
3102,19
3103,19
3104,18
3105,18
3106,18
3107,18
3108,18
3109,18
3110,17
3111,17
3112,16
3113,16
3114,16
3115,16
3116,15
3117,15
3118,15
3119,15
3120,14
3121,14
3122,14
3123,14
3124,14
3125,14
3126,14
3127,14
3128,14
3129,14
3130,13
3131,13
3132,13
3133,13
3134,13
3135,12
3136,12
3137,11
3138,10
3139,10
3140,10
3141,10
3142,10
3143,10
3144,10
3145,10
3146,10
3147,10
3148,10
3149,9
3150,9
3151,9
3152,9
3153,9
3154,8
3155,20
3156,20
3157,20
3158,20
3159,27
3160,27
3161,27
3162,25
3163,25
3164,25
3165,25
3166,25
3167,25
3168,25
3169,25
3170,25
3171,25
3172,23
3173,23
3174,23
3175,22
3176,22
3177,22
3178,21
3179,20
3180,19
3181,19
3182,19
3183,19
3184,18
3185,18
3186,18
3187,18
3188,17
3189,16
3190,16
3191,16
3192,25
3193,24
3194,24
3195,24
3196,24
3197,24
3198,24
3199,24
3200,24
3201,24
3202,24
3203,24
3204,23
3205,23
3206,22
3207,22
3208,22
3209,22
3210,22
3211,22
3212,21
3213,20
3214,20
3215,19
3216,19
3217,19
3218,19
3219,18
3220,17
3221,17
3222,17
3223,17
3224,14
3225,14
3226,14
3227,13
3228,13
3229,13
3230,13
3231,13
3232,19
3233,19
3234,18
3235,18
3236,19
3237,26
3238,26
3239,25
3240,25
3241,25
3242,25
3243,25
3244,24
3245,24
3246,23
3247,22
3248,21
3249,21
3250,21
3251,21
3252,21
3253,21
3254,26
3255,26
3256,29
3257,28
3258,28
3259,28
3260,28
3261,28
3262,27
3263,27
3264,27
3265,26
3266,25
3267,24
3268,23
3269,23
3270,23
3271,22
3272,22
3273,22
3274,22
3275,22
3276,22
3277,22
3278,22
3279,22
3280,22
3281,21
3282,20
3283,20
3284,19
3285,21
3286,21
3287,21
3288,21
3289,21
3290,21
3291,21
3292,19
3293,19
3294,19
3295,18
3296,17
3297,17
3298,17
3299,17
3300,16
3301,15
3302,15
3303,15
3304,14
3305,14
3306,13
3307,13
3308,13
3309,13
3310,13
3311,13
3312,12
3313,12
3314,12
3315,12
3316,12
3317,12
3318,12
3319,11
3320,11
3321,11
3322,10
3323,10
3324,9
3325,9
3326,9
3327,8
3328,8
3329,8
3330,8
3331,7
3332,7
3333,7
3334,7
3335,7
3336,6
3337,6
3338,6
3339,6
3340,6
3341,6
3342,6
3343,6
3344,4
3345,4
3346,4
3347,4
3348,5
3349,7
3350,7
3351,6
3352,6
3353,6
3354,6
3355,6
3356,6
3357,5
3358,4
3359,6
3360,6
3361,6
3362,6
3363,6
3364,6
3365,6
3366,6
3367,6
3368,6
3369,6
3370,6
3371,6
3372,6
3373,6
3374,5
3375,5
3376,5
3377,5
3378,5
3379,5
3380,5
3381,5
3382,12
3383,12
3384,12
3385,12
3386,12
3387,12
3388,12
3389,11
3390,11
3391,12
3392,12
3393,12
3394,12
3395,12
3396,12
3397,12
3398,11
3399,11
3400,11
3401,11
3402,11
3403,11
3404,10
3405,10
3406,10
3407,10
3408,9
3409,9
3410,9
3411,9
3412,9
3413,8
3414,8
3415,8
3416,8
3417,12
3418,11
3419,10
3420,10
3421,10
3422,9
3423,9
3424,9
3425,8
3426,8
3427,8
3428,8
3429,8
3430,7
3431,14
3432,14
3433,13
3434,13
3435,13
3436,13
3437,13
3438,13
3439,13
3440,18
3441,25
3442,25
3443,25
3444,24
3445,24
3446,24
3447,27
3448,27
3449,27
3450,31
3451,31
3452,30
3453,29
3454,29
3455,28
3456,28
3457,27
3458,27
3459,27
3460,27
3461,27
3462,27
3463,27
3464,25
3465,24
3466,22
3467,22
3468,22
3469,22
3470,22
3471,22
3472,22
3473,22
3474,22
3475,22
3476,19
3477,19
3478,19
3479,19
3480,18
3481,18
3482,18
3483,18
3484,18
3485,18
3486,16
3487,16
3488,16
3489,15
3490,15
3491,15
3492,15
3493,14
3494,12
3495,12
3496,12
3497,12
3498,19
3499,18
3500,17
3501,17
3502,17
3503,17
3504,16
3505,16
3506,16
3507,16
3508,15
3509,13
3510,13
3511,13
3512,17
3513,17
3514,16
3515,15
3516,15
3517,15
3518,15
3519,14
3520,14
3521,19
3522,19
3523,18
3524,18
3525,17
3526,25
3527,25
3528,24
3529,24
3530,23
3531,31
3532,31
3533,31
3534,29
3535,28
3536,28
3537,27
3538,27
3539,27
3540,25
3541,25
3542,23
3543,23
3544,23
3545,23
3546,23
3547,23
3548,22
3549,22
3550,21
3551,21
3552,21
3553,21
3554,21
3555,21
3556,20
3557,19
3558,19
3559,19
3560,19
3561,19
3562,19
3563,22
3564,22
3565,22
3566,22
3567,21
3568,21
3569,21
3570,20
3571,20
3572,20
3573,20
3574,19
3575,19
3576,18
3577,15
3578,15
3579,14
3580,19
3581,19
3582,17
3583,17
3584,16
3585,16
3586,16
3587,17
3588,17
3589,17
3590,17
3591,16
3592,16
3593,16
3594,16
3595,16
3596,16
3597,16
3598,16
3599,16
3600,16
3601,16
3602,16
3603,16
3604,16
3605,16
3606,16
3607,16
3608,15
3609,21
3610,21
3611,21
3612,21
3613,21
3614,21
3615,21
3616,21
3617,21
3618,21
3619,25
3620,25
3621,28
3622,28
3623,27
3624,26
3625,25
3626,25
3627,24
3628,24
3629,24
3630,23
3631,23
3632,23
3633,23
3634,23
3635,27
3636,26
3637,26
3638,30
3639,30
3640,29
3641,31
3642,31
3643,31
3644,31
3645,31
3646,30
3647,29
3648,29
3649,29
3650,29
3651,29
3652,29
3653,28
3654,27
3655,26
3656,26
3657,26
3658,25
3659,24
3660,24
3661,24
3662,24
3663,24
3664,23
3665,22
3666,22
3667,21
3668,27
3669,27
3670,27
3671,27
3672,25
3673,25
3674,25
3675,25
3676,25
3677,23
3678,22
3679,22
3680,21
3681,21
3682,21
3683,21
3684,21
3685,20
3686,20
3687,20
3688,19
3689,18
3690,18
3691,18
3692,18
3693,18
3694,16
3695,16
3696,15
3697,14
3698,14
3699,14
3700,14
3701,14
3702,12
3703,12
3704,14
3705,14
3706,14
3707,13
3708,13
3709,13
3710,12
3711,12
3712,16
3713,16
3714,16
3715,15
3716,15
3717,15
3718,15
3719,15
3720,16
3721,16
3722,21
3723,20
3724,20
3725,20
3726,20
3727,20
3728,20
3729,19
3730,19
3731,19
3732,19
3733,25
3734,24
3735,24
3736,24
3737,24
3738,24
3739,24
3740,24
3741,24
3742,24
3743,22
3744,21
3745,21
3746,21
3747,26
3748,26
3749,26
3750,26
3751,26
3752,25
3753,25
3754,24
3755,27
3756,27
3757,25
3758,25
3759,25
3760,25
3761,24
3762,24
3763,24
3764,23
3765,21
3766,21
3767,21
3768,21
3769,21
3770,21
3771,21
3772,21
3773,21
3774,21
3775,21
3776,19
3777,17
3778,17
3779,17
3780,17
3781,17
3782,17
3783,16
3784,15
3785,15
3786,15
3787,15
3788,15
3789,15
3790,15
3791,15
3792,15
3793,15
3794,14
3795,14
3796,14
3797,14
3798,14
3799,14
3800,14
3801,14
3802,14
3803,13
3804,13
3805,13
3806,13
3807,13
3808,12
3809,11
3810,11
3811,17
3812,17
3813,16
3814,16
3815,16
3816,15
3817,14
3818,13
3819,13
3820,13
3821,13
3822,13
3823,13
3824,13
3825,13
3826,13
3827,21
3828,21
3829,22
3830,21
3831,21
3832,20
3833,20
3834,20
3835,20
3836,19
3837,18
3838,18
3839,18
3840,17
3841,23
3842,23
3843,27
3844,27
3845,27
3846,27
3847,27
3848,25
3849,25
3850,25
3851,25
3852,24
3853,24
3854,24
3855,24
3856,23
3857,23
3858,22
3859,22
3860,29
3861,29
3862,29
3863,27
3864,27
3865,27
3866,27
3867,26
3868,26
3869,26
3870,26
3871,26
3872,25
3873,23
3874,23
3875,31
3876,31
3877,31
3878,31
3879,30
3880,30
3881,30
3882,30
3883,30
3884,30
3885,30
3886,30
3887,30
3888,30
3889,37
3890,37
3891,35
3892,37
3893,37
3894,37
3895,37
3896,37
3897,46
3898,46
3899,46
3900,45
3901,44
3902,48
3903,47
3904,47
3905,47
3906,47
3907,47
3908,47
3909,46
3910,46
3911,45
3912,43
3913,42
3914,41
3915,40
3916,39
3917,39
3918,39
3919,39
3920,39
3921,38
3922,41
3923,41
3924,41
3925,41
3926,41
3927,41
3928,39
3929,39
3930,39
3931,39
3932,38
3933,37
3934,36
3935,36
3936,36
3937,36
3938,35
3939,33
3940,31
3941,31
3942,31
3943,31
3944,30
3945,30
3946,30
3947,30
3948,29
3949,27
3950,28
3951,28
3952,28
3953,26
3954,32
3955,32
3956,32
3957,32
3958,31
3959,30
3960,28
3961,28
3962,27
3963,27
3964,27
3965,26
3966,26
3967,25
3968,25
3969,24
3970,24
3971,23
3972,23
3973,23
3974,23
3975,23
3976,23
3977,21
3978,23
3979,23
3980,23
3981,23
3982,23
3983,23
3984,23
3985,23
3986,22
3987,21
3988,21
3989,21
3990,21
3991,21
3992,20
3993,20
3994,20
3995,20
3996,18
3997,18
3998,18
3999,18
4000,18
4001,18
4002,18
4003,18
4004,18
4005,18
4006,17
4007,17
4008,17
4009,17
4010,17
4011,17
4012,17
4013,16
4014,16
4015,19
4016,19
4017,19
4018,19
4019,18
4020,18
4021,17
4022,17
4023,17
4024,17
4025,17
4026,16
4027,16
4028,16
4029,15
4030,14
4031,14
4032,13
4033,13
4034,13
4035,13
4036,13
4037,13
4038,13
4039,13
4040,13
4041,13
4042,13
4043,13
4044,12
4045,12
4046,12
4047,12
4048,20
4049,20
4050,20
4051,18
4052,18
4053,17
4054,17
4055,16
4056,16
4057,16
4058,24
4059,28
4060,28
4061,28
4062,35
4063,36
4064,36
4065,36
4066,36
4067,36
4068,36
4069,35
4070,35
4071,34
4072,33
4073,33
4074,32
4075,32
4076,31
4077,31
4078,30
4079,29
4080,34
4081,34
4082,33
4083,33
4084,34
4085,33
4086,33
4087,33
4088,33
4089,33
4090,33
4091,33
4092,33
4093,32
4094,31
4095,31
4096,31
4097,31
4098,30
4099,30
4100,30
4101,29
4102,29
4103,28
4104,28
4105,28
4106,28
4107,27
4108,26
4109,25
4110,25
4111,24
4112,22
4113,22
4114,21
4115,21
4116,21
4117,21
4118,21
4119,20
4120,20
4121,28
4122,28
4123,27
4124,27
4125,26
4126,25
4127,24
4128,24
4129,24
4130,24
4131,24
4132,24
4133,23
4134,22
4135,22
4136,21
4137,20
4138,20
4139,20
4140,20
4141,20
4142,20
4143,20
4144,20
4145,20
4146,19
4147,19
4148,19
4149,19
4150,19
4151,19
4152,18
4153,18
4154,18
4155,16
4156,16
4157,16
4158,16
4159,16
4160,16
4161,14
4162,14
4163,20
4164,20
4165,20
4166,20
4167,20
4168,20
4169,20
4170,20
4171,19
4172,19
4173,24
4174,23
4175,23
4176,23
4177,23
4178,23
4179,27
4180,27
4181,27
4182,26
4183,25
4184,24
4185,23
4186,23
4187,23
4188,23
4189,23
4190,23
4191,23
4192,23
4193,22
4194,22
4195,21
4196,20
4197,20
4198,20
4199,20
4200,20
4201,20
4202,19
4203,18
4204,18
4205,16
4206,16
4207,16
4208,16
4209,16
4210,16
4211,16
4212,16
4213,23
4214,23
4215,23
4216,23
4217,23
4218,23
4219,31
4220,31
4221,31
4222,31
4223,30
4224,29
4225,29
4226,29
4227,29
4228,29
4229,29
4230,29
4231,28
4232,28
4233,28
4234,28
4235,28
4236,27
4237,25
4238,25
4239,24
4240,23
4241,23
4242,23
4243,23
4244,29
4245,29
4246,28
4247,27
4248,27
4249,27
4250,34
4251,34
4252,34
4253,32
4254,32
4255,32
4256,31
4257,31
4258,30
4259,30
4260,29
4261,29
4262,29
4263,29
4264,28
4265,34
4266,34
4267,34
4268,33
4269,32
4270,32
4271,31
4272,37
4273,37
4274,36
4275,41
4276,41
4277,41
4278,41
4279,41
4280,41
4281,47
4282,55
4283,55
4284,54
4285,53
4286,53
4287,52
4288,52
4289,51
4290,51
4291,51
4292,51
4293,51
4294,51
4295,51
4296,49
4297,47
4298,47
4299,47
4300,47
4301,47
4302,47
4303,55
4304,55
4305,53
4306,52
4307,57
4308,57
4309,57
4310,57
4311,65
4312,65
4313,65
4314,64
4315,64
4316,62
4317,61
4318,61
4319,61
4320,67
4321,66
4322,66
4323,65
4324,64
4325,63
4326,63
4327,62
4328,61
4329,60
4330,59
4331,62
4332,62
4333,61
4334,61
4335,58
4336,57
4337,56
4338,53
4339,51
4340,50
4341,51
4342,50
4343,50
4344,49
4345,47
4346,45
4347,44
4348,44
4349,42
4350,41
4351,41
4352,41
4353,40
4354,37
4355,37
4356,37
4357,37
4358,37
4359,37
4360,36
4361,36
4362,34
4363,34
4364,34
4365,33
4366,33
4367,33
4368,32
4369,32
4370,38
4371,38
4372,38
4373,38
4374,38
4375,38
4376,38
4377,37
4378,37
4379,36
4380,35
4381,35
4382,35
4383,34
4384,33
4385,33
4386,33
4387,33
4388,33
4389,32
4390,32
4391,31
4392,31
4393,36
4394,36
4395,35
4396,35
4397,35
4398,34
4399,43
4400,43
4401,42
4402,41
4403,40
4404,39
4405,39
4406,39
4407,38
4408,36
4409,36
4410,36
4411,33
4412,31
4413,29
4414,29
4415,31
4416,31
4417,31
4418,31
4419,31
4420,37
4421,36
4422,36
4423,36
4424,36
4425,34
4426,32
4427,32
4428,32
4429,32
4430,31
4431,40
4432,40
4433,40
4434,39
4435,37
4436,37
4437,35
4438,38
4439,37
4440,37
4441,46
4442,45
4443,48
4444,48
4445,48
4446,48
4447,47
4448,46
4449,45
4450,43
4451,42
4452,42
4453,44
4454,44
4455,41
4456,40
4457,39
4458,38
4459,37
4460,37
4461,37
4462,37
4463,37
4464,37
4465,37
4466,37
4467,40
4468,39
4469,38
4470,37
4471,35
4472,35
4473,35
4474,33
4475,33
4476,32
4477,32
4478,32
4479,33
4480,33
4481,33
4482,32
4483,31
4484,31
4485,31
4486,30
4487,29
4488,29
4489,29
4490,28
4491,27
4492,26
4493,26
4494,25
4495,25
4496,25
4497,25
4498,23
4499,23
4500,23
4501,31
4502,29
4503,28
4504,28
4505,28
4506,27
4507,26
4508,26
4509,35
4510,34
4511,34
4512,33
4513,34
4514,34
4515,34
4516,31
4517,30
4518,29
4519,29
4520,29
4521,28
4522,28
4523,28
4524,28
4525,27
4526,27
4527,27
4528,27
4529,33
4530,32
4531,32
4532,32
4533,35
4534,35
4535,34
4536,33
4537,33
4538,32
4539,32
4540,31
4541,31
4542,31
4543,31
4544,29
4545,29
4546,29
4547,29
4548,29
4549,29
4550,29
4551,28
4552,28
4553,28
4554,27
4555,26
4556,26
4557,25
4558,24
4559,24
4560,24
4561,28
4562,27
4563,27
4564,28
4565,28
4566,28
4567,27
4568,31
4569,30
4570,30
4571,30
4572,36
4573,35
4574,35
4575,35
4576,34
4577,34
4578,33
4579,33
4580,32
4581,32
4582,32
4583,31
4584,31
4585,31
4586,31
4587,31
4588,31
4589,30
4590,30
4591,33
4592,32
4593,36
4594,36
4595,36
4596,35
4597,35
4598,33
4599,33
4600,32
4601,31
4602,31
4603,31
4604,30
4605,30
4606,28
4607,28
4608,27
4609,29
4610,29
4611,29
4612,28
4613,28
4614,32
4615,31
4616,30
4617,30
4618,30
4619,30
4620,30
4621,30
4622,30
4623,30
4624,30
4625,29
4626,29
4627,29
4628,29
4629,29
4630,38
4631,38
4632,38
4633,38
4634,34
4635,41
4636,41
4637,39
4638,39
4639,39
4640,39
4641,39
4642,39
4643,38
4644,38
4645,38
4646,34
4647,34
4648,33
4649,33
4650,31
4651,30
4652,30
4653,30
4654,29
4655,29
4656,29
4657,29
4658,28
4659,28
4660,28
4661,28
4662,31
4663,31
4664,30
4665,28
4666,28
4667,27
4668,26
4669,26
4670,26
4671,25
4672,25
4673,24
4674,24
4675,24
4676,24
4677,24
4678,23
4679,23
4680,28
4681,28
4682,28
4683,28
4684,28
4685,28
4686,28
4687,26
4688,26
4689,32
4690,32
4691,30
4692,30
4693,29
4694,28
4695,27
4696,27
4697,27
4698,27
4699,27
4700,27
4701,27
4702,27
4703,27
4704,26
4705,24
4706,24
4707,23
4708,23
4709,23
4710,23
4711,23
4712,23
4713,23
4714,26
4715,26
4716,25
4717,24
4718,24
4719,22
4720,21
4721,20
4722,20
4723,20
4724,24
4725,24
4726,24
4727,24
4728,23
4729,23
4730,23
4731,23
4732,22
4733,21
4734,21
4735,20
4736,20
4737,20
4738,20
4739,20
4740,20
4741,20
4742,20
4743,20
4744,20
4745,19
4746,27
4747,26
4748,26
4749,26
4750,26
4751,26
4752,26
4753,26
4754,24
4755,24
4756,24
4757,23
4758,22
4759,21
4760,21
4761,21
4762,21
4763,20
4764,21
4765,21
4766,20
4767,20
4768,20
4769,20
4770,20
4771,18
4772,16
4773,15
4774,15
4775,15
4776,14
4777,14
4778,13
4779,13
4780,12
4781,12
4782,11
4783,11
4784,10
4785,10
4786,9
4787,8
4788,8
4789,8
4790,8
4791,8
4792,8
4793,8
4794,8
4795,8
4796,8
4797,11
4798,11
4799,11
4800,11
4801,11
4802,11
4803,11
4804,11
4805,11
4806,11
4807,11
4808,10
4809,10
4810,10
4811,10
4812,18
4813,18
4814,17
4815,17
4816,16
4817,16
4818,16
4819,16
4820,15
4821,20
4822,20
4823,20
4824,19
4825,19
4826,19
4827,19
4828,19
4829,19
4830,19
4831,18
4832,16
4833,16
4834,16
4835,16
4836,15
4837,15
4838,15
4839,15
4840,14
4841,14
4842,14
4843,14
4844,13
4845,11
4846,11
4847,11
4848,11
4849,11
4850,11
4851,11
4852,11
4853,11
4854,11
4855,11
4856,11
4857,18
4858,17
4859,17
4860,17
4861,17
4862,17
4863,17
4864,17
4865,16
4866,15
4867,15
4868,15
4869,15
4870,19
4871,19
4872,19
4873,19
4874,19
4875,19
4876,18
4877,17
4878,16
4879,16
4880,16
4881,15
4882,14
4883,14
4884,14
4885,14
4886,13
4887,13
4888,13
4889,13
4890,13
4891,13
4892,13
4893,13
4894,13
4895,12
4896,13
4897,13
4898,12
4899,12
4900,12
4901,11
4902,10
4903,16
4904,16
4905,16
4906,16
4907,16
4908,16
4909,16
4910,16
4911,16
4912,16
4913,14
4914,14
4915,13
4916,13
4917,13
4918,13
4919,14
4920,14
4921,14
4922,14
4923,14
4924,13
4925,13
4926,13
4927,13
4928,17
4929,17
4930,16
4931,16
4932,15
4933,15
4934,15
4935,15
4936,23
4937,32
4938,32
4939,32
4940,32
4941,30
4942,30
4943,30
4944,30
4945,29
4946,29
4947,29
4948,29
4949,29
4950,29
4951,29
4952,29
4953,29
4954,29
4955,29
4956,27
4957,27
4958,32
4959,32
4960,32
4961,32
4962,31
4963,30
4964,30
4965,29
4966,29
4967,29
4968,29
4969,29
4970,27
4971,27
4972,26
4973,24
4974,23
4975,23
4976,23
4977,23
4978,22
4979,22
4980,22
4981,22
4982,22
4983,20
4984,20
4985,18
4986,18
4987,18
4988,18
4989,18
4990,26
4991,26
4992,25
4993,25
4994,25
4995,25
4996,25
4997,25
4998,24
4999,24
5000,24
5001,24
5002,24
5003,23
5004,27
5005,27
5006,26
5007,26
5008,25
5009,25
5010,24
5011,24
5012,24
5013,23
5014,22
5015,22
5016,22
5017,21
5018,20
5019,20
5020,20
5021,19
5022,19
5023,19
5024,18
5025,22
5026,22
5027,22
5028,22
5029,22
5030,24
5031,24
5032,23
5033,22
5034,21
5035,21
5036,21
5037,20
5038,20
5039,20
5040,20
5041,20
5042,20
5043,20
5044,19
5045,19
5046,28
5047,28
5048,28
5049,28
5050,28
5051,28
5052,27
5053,26
5054,26
5055,26
5056,25
5057,25
5058,25
5059,25
5060,25
5061,24
5062,31
5063,31
5064,31
5065,31
5066,31
5067,31
5068,31
5069,30
5070,28
5071,27
5072,27
5073,30
5074,30
5075,30
5076,30
5077,30
5078,30
5079,30
5080,29
5081,28
5082,27
5083,27
5084,26
5085,26
5086,26
5087,26
5088,26
5089,25
5090,24
5091,24
5092,24
5093,23
5094,23
5095,23
5096,23
5097,22
5098,22
5099,21
5100,20
5101,20
5102,20
5103,20
5104,20
5105,20
5106,20
5107,26
5108,24
5109,23
5110,23
5111,23
5112,23
5113,24
5114,24
5115,24
5116,24
5117,24
5118,23
5119,21
5120,21
5121,26
5122,26
5123,26
5124,26
5125,26
5126,25
5127,32
5128,31
5129,30
5130,29
5131,29
5132,29
5133,29
5134,31
5135,31
5136,31
5137,30
5138,29
5139,29
5140,28
5141,29
5142,29
5143,29
5144,29
5145,29
5146,29
5147,28
5148,28
5149,29
5150,29
5151,31
5152,30
5153,30
5154,30
5155,30
5156,30
5157,29
5158,29
5159,29
5160,28
5161,28
5162,28
5163,28
5164,28
5165,30
5166,29
5167,29
5168,29
5169,29
5170,28
5171,28
5172,27
5173,26
5174,26
5175,26
5176,25
5177,25
5178,25
5179,25
5180,25
5181,25
5182,23
5183,23
5184,23
5185,30
5186,30
5187,30
5188,30
5189,30
5190,30
5191,29
5192,28
5193,28
5194,28
5195,34
5196,32
5197,32
5198,32
5199,32
5200,32
5201,32
5202,31
5203,30
5204,30
5205,30
5206,30
5207,29
5208,32
5209,32
5210,31
5211,30
5212,30
5213,30
5214,30
5215,37
5216,40
5217,43
5218,43
5219,43
5220,43
5221,43
5222,43
5223,43
5224,42
5225,42
5226,41
5227,39
5228,39
5229,39
5230,37
5231,37
5232,35
5233,35
5234,34
5235,32
5236,36
5237,36
5238,36
5239,36
5240,36
5241,38
5242,40
5243,39
5244,38
5245,37
5246,36
5247,36
5248,36
5249,36
5250,35
5251,32
5252,30
5253,30
5254,31
5255,31
5256,31
5257,40
5258,40
5259,38
5260,38
5261,37
5262,36
5263,36
5264,36
5265,36
5266,35
5267,34
5268,34
5269,32
5270,32
5271,32
5272,32
5273,32
5274,31
5275,31
5276,31
5277,31
5278,31
5279,29
5280,28
5281,27
5282,27
5283,32
5284,31
5285,31
5286,31
5287,30
5288,30
5289,29
5290,28
5291,28
5292,28
5293,27
5294,27
5295,27
5296,26
5297,26
5298,26
5299,26
5300,25
5301,25
5302,25
5303,24
5304,24
5305,24
5306,24
5307,24
5308,24
5309,24
5310,24
5311,33
5312,32
5313,32
5314,32
5315,32
5316,32
5317,32
5318,32
5319,31
5320,31
5321,36
5322,35
5323,34
5324,34
5325,34
5326,33
5327,33
5328,33
5329,31
5330,31
5331,30
5332,30
5333,29
5334,28
5335,28
5336,28
5337,27
5338,27
5339,25
5340,23
5341,23
5342,22
5343,25
5344,25
5345,26
5346,26
5347,25
5348,33
5349,42
5350,45
5351,45
5352,49
5353,47
5354,47
5355,47
5356,47
5357,47
5358,47
5359,45
5360,44
5361,44
5362,43
5363,42
5364,41
5365,40
5366,39
5367,38
5368,38
5369,38
5370,38
5371,38
5372,38
5373,38
5374,37
5375,36
5376,36
5377,36
5378,35
5379,35
5380,38
5381,38
5382,35
5383,44
5384,44
5385,44
5386,44
5387,44
5388,44
5389,42
5390,41
5391,41
5392,39
5393,39
5394,39
5395,39
5396,39
5397,38
5398,38
5399,38
5400,43
5401,43
5402,43
5403,43
5404,43
5405,42
5406,41
5407,39
5408,39
5409,38
5410,37
5411,36
5412,36
5413,36
5414,36
5415,36
5416,35
5417,33
5418,33
5419,33
5420,32
5421,31
5422,31
5423,31
5424,31
5425,30
5426,30
5427,30
5428,28
5429,28
5430,28
5431,27
5432,26
5433,26
5434,25
5435,23
5436,23
5437,23
5438,22
5439,22
5440,21
5441,21
5442,21
5443,20
5444,20
5445,20
5446,20
5447,20
5448,19
5449,19
5450,19
5451,18
5452,18
5453,17
5454,17
5455,17
5456,17
5457,17
5458,17
5459,16
5460,16
5461,16
5462,15
5463,15
5464,15
5465,15
5466,14
5467,14
5468,13
5469,13
5470,12
5471,10
5472,10
5473,10
5474,10
5475,9
5476,9
5477,9
5478,9
5479,9
5480,16
5481,16
5482,16
5483,16
5484,15
5485,14
5486,14
5487,14
5488,14
5489,14
5490,14
5491,14
5492,13
5493,12
5494,12
5495,12
5496,12
5497,12
5498,12
5499,11
5500,11
5501,11
5502,11
5503,11
5504,10
5505,10
5506,10
5507,10
5508,10
5509,10
5510,9
5511,9
5512,9
5513,8
5514,8
5515,8
5516,8
5517,8
5518,8
5519,8
5520,8
5521,8
5522,8
5523,13
5524,13
5525,13
5526,12
5527,12
5528,12
5529,12
5530,13
5531,13
5532,13
5533,13
5534,12
5535,12
5536,12
5537,12
5538,12
5539,12
5540,12
5541,12
5542,12
5543,11
5544,11
5545,11
5546,11
5547,10
5548,10
5549,10
5550,10
5551,10
5552,10
5553,10
5554,10
5555,10
5556,10
5557,10
5558,10
5559,10
5560,16
5561,15
5562,13
5563,13
5564,12
5565,12
5566,12
5567,12
5568,12
5569,12
5570,11
5571,10
5572,11
5573,11
5574,11
5575,10
5576,10
5577,10
5578,10
5579,10
5580,10
5581,10
5582,10
5583,10
5584,10
5585,10
5586,10
5587,10
5588,10
5589,10
5590,10
5591,10
5592,10
5593,10
5594,10
5595,10
5596,10
5597,10
5598,9
5599,9
5600,9
5601,9
5602,9
5603,9
5604,9
5605,8
5606,8
5607,15
5608,15
5609,15
5610,15
5611,15
5612,24
5613,29
5614,29
5615,29
5616,28
5617,28
5618,27
5619,26
5620,25
5621,25
5622,28
5623,28
5624,28
5625,28
5626,35
5627,35
5628,35
5629,34
5630,33
5631,33
5632,32
5633,32
5634,31
5635,30
5636,28
5637,25
5638,25
5639,25
5640,25
5641,25
5642,24
5643,24
5644,24
5645,24
5646,23
5647,23
5648,23
5649,23
5650,22
5651,22
5652,22
5653,22
5654,22
5655,22
5656,22
5657,21
5658,21
5659,21
5660,21
5661,20
5662,19
5663,19
5664,19
5665,19
5666,19
5667,19
5668,19
5669,18
5670,18
5671,17
5672,17
5673,17
5674,16
5675,15
5676,15
5677,22
5678,22
5679,22
5680,22
5681,21
5682,21
5683,21
5684,21
5685,20
5686,19
5687,19
5688,18
5689,18
5690,18
5691,18
5692,16
5693,16
5694,16
5695,21
5696,21
5697,21
5698,21
5699,21
5700,21
5701,21
5702,20
5703,20
5704,20
5705,19
5706,19
5707,19
5708,18
5709,18
5710,17
5711,17
5712,17
5713,17
5714,17
5715,21
5716,19
5717,19
5718,17
5719,17
5720,17
5721,17
5722,17
5723,17
5724,17
5725,17
5726,17
5727,17
5728,16
5729,16
5730,16
5731,16
5732,18
5733,18
5734,18
5735,18
5736,22
5737,22
5738,20
5739,19
5740,19
5741,28
5742,28
5743,28
5744,28
5745,28
5746,28
5747,27
5748,27
5749,26
5750,25
5751,25
5752,23
5753,23
5754,22
5755,30
5756,28
5757,28
5758,28
5759,27
5760,26
5761,26
5762,26
5763,26
5764,26
5765,25
5766,24
5767,24
5768,24
5769,23
5770,22
5771,22
5772,21
5773,21
5774,21
5775,20
5776,19
5777,27
5778,27
5779,27
5780,27
5781,26
5782,26
5783,26
5784,26
5785,26
5786,25
5787,24
5788,24
5789,23
5790,23
5791,22
5792,22
5793,26
5794,25
5795,25
5796,25
5797,25
5798,25
5799,25
5800,25
5801,25
5802,23
5803,23
5804,23
5805,23
5806,23
5807,23
5808,22
5809,22
5810,22
5811,22
5812,22
5813,22
5814,22
5815,22
5816,22
5817,22
5818,22
5819,22
5820,22
5821,21
5822,21
5823,21
5824,21
5825,21
5826,21
5827,20
5828,20
5829,20
5830,20
5831,20
5832,20
5833,20
5834,19
5835,19
5836,19
5837,19
5838,19
5839,19
5840,19
5841,19
5842,19
5843,19
5844,18
5845,17
5846,17
5847,17
5848,17
5849,17
5850,17
5851,17
5852,17
5853,17
5854,17
5855,17
5856,17
5857,16
5858,16
5859,16
5860,16
5861,16
5862,15
5863,15
5864,15
5865,14
5866,14
5867,12
5868,12
5869,12
5870,12
5871,12
5872,11
5873,11
5874,11
5875,11
5876,11
5877,13
5878,13
5879,16
5880,16
5881,16
5882,16
5883,15
5884,15
5885,14
5886,14
5887,14
5888,13
5889,16
5890,16
5891,24
5892,23
5893,23
5894,23
5895,23
5896,23
5897,22
5898,22
5899,22
5900,22
5901,20
5902,20
5903,20
5904,20
5905,19
5906,18
5907,18
5908,18
5909,18
5910,18
5911,18
5912,17
5913,17
5914,17
5915,17
5916,16
5917,16
5918,15
5919,14
5920,14
5921,14
5922,13
5923,13
5924,13
5925,13
5926,13
5927,12
5928,12
5929,11
5930,10
5931,9
5932,9
5933,9
5934,9
5935,9
5936,13
5937,12
5938,12
5939,12
5940,19
5941,18
5942,18
5943,18
5944,17
5945,16
5946,16
5947,14
5948,13
5949,13
5950,12
5951,12
5952,12
5953,12
5954,12
5955,12
5956,12
5957,12
5958,12
5959,12
5960,12
5961,11
5962,11
5963,10
5964,10
5965,10
5966,9
5967,9
5968,9
5969,9
5970,9
5971,9
5972,8
5973,7
5974,7
5975,7
5976,7
5977,7
5978,6
5979,6
5980,6
5981,6
5982,6
5983,6
5984,6
5985,6
5986,6
5987,6
5988,6
5989,6
5990,5
5991,5
5992,5
5993,5
5994,5
5995,5
5996,5
5997,5
5998,5
5999,5
6000,5
6001,5
6002,5
6003,5
6004,5
6005,5
6006,4
6007,4
6008,4
6009,4
6010,4
6011,4
6012,4
6013,4
6014,4
6015,4
6016,4
6017,3
6018,3
6019,3
6020,3
6021,3
6022,3
6023,8
6024,8
6025,8
6026,8
6027,8
6028,8
6029,8
6030,8
6031,14
6032,14
6033,13
6034,13
6035,13
6036,12
6037,12
6038,15
6039,15
6040,14
6041,14
6042,14
6043,14
6044,14
6045,14
6046,14
6047,14
6048,13
6049,13
6050,13
6051,13
6052,13
6053,12
6054,20
6055,20
6056,20
6057,24
6058,23
6059,21
6060,21
6061,21
6062,24
6063,24
6064,24
6065,24
6066,24
6067,23
6068,23
6069,23
6070,22
6071,22
6072,22
6073,21
6074,20
6075,20
6076,19
6077,19
6078,19
6079,19
6080,24
6081,24
6082,24
6083,24
6084,23
6085,23
6086,23
6087,23
6088,23
6089,23
6090,22
6091,22
6092,22
6093,21
6094,21
6095,21
6096,21
6097,21
6098,20
6099,20
6100,19
6101,19
6102,19
6103,18
6104,18
6105,18
6106,18
6107,18
6108,17
6109,16
6110,16
6111,16
6112,16
6113,16
6114,15
6115,15
6116,15
6117,14
6118,14
6119,14
6120,14
6121,14
6122,14
6123,13
6124,12
6125,11
6126,11
6127,11
6128,11
6129,11
6130,11
6131,10
6132,10
6133,10
6134,10
6135,10
6136,10
6137,16
6138,16
6139,14
6140,14
6141,14
6142,14
6143,14
6144,14
6145,14
6146,14
6147,12
6148,12
6149,12
6150,11
6151,11
6152,11
6153,11
6154,10
6155,10
6156,10
6157,10
6158,10
6159,10
6160,10
6161,9
6162,9
6163,17
6164,24
6165,24
6166,23
6167,24
6168,23
6169,30
6170,30
6171,30
6172,30
6173,29
6174,28
6175,28
6176,28
6177,28
6178,28
6179,27
6180,26
6181,26
6182,25
6183,24
6184,24
6185,24
6186,24
6187,28
6188,28
6189,28
6190,28
6191,27
6192,26
6193,26
6194,26
6195,26
6196,26
6197,30
6198,30
6199,30
6200,30
6201,30
6202,34
6203,32
6204,32
6205,32
6206,32
6207,31
6208,31
6209,31
6210,31
6211,31
6212,30
6213,30
6214,29
6215,29
6216,29
6217,28
6218,28
6219,28
6220,26
6221,25
6222,25
6223,25
6224,25
6225,24
6226,23
6227,23
6228,22
6229,21
6230,19
6231,18
6232,18
6233,17
6234,17
6235,17
6236,17
6237,17
6238,17
6239,17
6240,16
6241,15
6242,15
6243,15
6244,15
6245,15
6246,14
6247,14
6248,14
6249,13
6250,13
6251,20
6252,20
6253,18
6254,18
6255,18
6256,18
6257,18
6258,18
6259,18
6260,17
6261,17
6262,17
6263,17
6264,16
6265,25
6266,25
6267,25
6268,25
6269,25
6270,25
6271,25
6272,25
6273,24
6274,24
6275,24
6276,23
6277,21
6278,21
6279,21
6280,21
6281,20
6282,19
6283,18
6284,18
6285,18
6286,18
6287,17
6288,17
6289,17
6290,17
6291,17
6292,17
6293,17
6294,16
6295,16
6296,15
6297,15
6298,14
6299,14
6300,14
6301,15
6302,15
6303,14
6304,14
6305,14
6306,14
6307,14
6308,14
6309,14
6310,14
6311,14
6312,23
6313,23
6314,22
6315,22
6316,22
6317,22
6318,29
6319,28
6320,28
6321,27
6322,26
6323,25
6324,25
6325,24
6326,24
6327,24
6328,24
6329,22
6330,21
6331,25
6332,25
6333,25
6334,24
6335,24
6336,24
6337,24
6338,24
6339,24
6340,24
6341,24
6342,22
6343,22
6344,22
6345,22
6346,21
6347,20
6348,20
6349,20
6350,20
6351,20
6352,20
6353,20
6354,20
6355,20
6356,20
6357,19
6358,18
6359,18
6360,18
6361,17
6362,17
6363,17
6364,23
6365,23
6366,23
6367,23
6368,27
6369,27
6370,26
6371,25
6372,25
6373,24
6374,24
6375,23
6376,23
6377,23
6378,22
6379,21
6380,20
6381,20
6382,20
6383,20
6384,20
6385,19
6386,19
6387,19
6388,19
6389,19
6390,19
6391,23
6392,23
6393,23
6394,23
6395,23
6396,20
6397,20
6398,20
6399,19
6400,27
6401,27
6402,27
6403,27
6404,27
6405,27
6406,26
6407,26
6408,25
6409,24
6410,24
6411,24
6412,24
6413,24
6414,24
6415,24
6416,24
6417,24
6418,30
6419,30
6420,30
6421,30
6422,30
6423,30
6424,29
6425,28
6426,28
6427,28
6428,28
6429,28
6430,28
6431,28
6432,27
6433,27
6434,26
6435,26
6436,26
6437,25
6438,25
6439,25
6440,25
6441,25
6442,25
6443,25
6444,24
6445,23
6446,23
6447,23
6448,30
6449,29
6450,29
6451,28
6452,28
6453,28
6454,26
6455,26
6456,25
6457,25
6458,25
6459,30
6460,29
6461,29
6462,29
6463,29
6464,29
6465,29
6466,29
6467,29
6468,27
6469,27
6470,27
6471,26
6472,34
6473,34
6474,33
6475,32
6476,32
6477,32
6478,32
6479,32
6480,31
6481,31
6482,30
6483,30
6484,30
6485,30
6486,29
6487,28
6488,28
6489,28
6490,33
6491,33
6492,32
6493,32
6494,30
6495,28
6496,27
6497,27
6498,27
6499,27
6500,27
6501,27
6502,27
6503,27
6504,27
6505,27
6506,27
6507,26
6508,25
6509,25
6510,24
6511,23
6512,23
6513,23
6514,23
6515,23
6516,22
6517,22
6518,22
6519,22
6520,21
6521,20
6522,20
6523,20
6524,20
6525,20
6526,20
6527,20
6528,20
6529,20
6530,21
6531,20
6532,20
6533,20
6534,19
6535,18
6536,18
6537,17
6538,17
6539,17
6540,17
6541,17
6542,15
6543,15
6544,14
6545,13
6546,13
6547,11
6548,11
6549,10
6550,10
6551,9
6552,9
6553,9
6554,9
6555,9
6556,9
6557,8
6558,14
6559,14
6560,14
6561,12
6562,12
6563,11
6564,10
6565,10
6566,10
6567,10
6568,10
6569,10
6570,9
6571,9
6572,9
6573,9
6574,9
6575,9
6576,9
6577,9
6578,9
6579,9
6580,9
6581,9
6582,9
6583,9
6584,9
6585,10
6586,10
6587,10
6588,10
6589,10
6590,10
6591,10
6592,10
6593,10
6594,9
6595,9
6596,9
6597,9
6598,9
6599,8
6600,8
6601,8
6602,8
6603,8
6604,8
6605,8
6606,8
6607,8
6608,8
6609,7
6610,7
6611,7
6612,7
6613,6
6614,6
6615,6
6616,6
6617,7
6618,7
6619,7
6620,7
6621,8
6622,8
6623,8
6624,8
6625,7
6626,7
6627,7
6628,6
6629,6
6630,6
6631,6
6632,6
6633,6
6634,6
6635,6
6636,6
6637,6
6638,6
6639,6
6640,6
6641,6
6642,6
6643,6
6644,6
6645,6
6646,6
6647,6
6648,5
6649,5
6650,5
6651,4
6652,4
6653,4
6654,4
6655,4
6656,4
6657,4
6658,4
6659,4
6660,4
6661,4
6662,4
6663,7
6664,7
6665,7
6666,7
6667,7
6668,7
6669,7
6670,7
6671,14
6672,14
6673,14
6674,12
6675,12
6676,12
6677,12
6678,12
6679,12
6680,12
6681,12
6682,12
6683,12
6684,18
6685,18
6686,18
6687,18
6688,17
6689,17
6690,15
6691,15
6692,15
6693,14
6694,14
6695,14
6696,14
6697,14
6698,14
6699,14
6700,14
6701,14
6702,14
6703,14
6704,14
6705,14
6706,14
6707,14
6708,14
6709,14
6710,14
6711,14
6712,13
6713,13
6714,13
6715,13
6716,12
6717,12
6718,11
6719,11
6720,11
6721,10
6722,10
6723,10
6724,15
6725,15
6726,15
6727,14
6728,14
6729,14
6730,14
6731,14
6732,14
6733,14
6734,14
6735,14
6736,14
6737,14
6738,17
6739,15
6740,15
6741,15
6742,15
6743,15
6744,15
6745,15
6746,15
6747,15
6748,15
6749,18
6750,18
6751,18
6752,18
6753,18
6754,16
6755,15
6756,15
6757,15
6758,15
6759,14
6760,13
6761,13
6762,13
6763,13
6764,12
6765,12
6766,11
6767,11
6768,11
6769,10
6770,10
6771,10
6772,9
6773,9
6774,9
6775,9
6776,7
6777,7
6778,7
6779,6
6780,6
6781,6
6782,6
6783,6
6784,6
6785,6
6786,6
6787,6
6788,5
6789,5
6790,5
6791,5
6792,5
6793,5
6794,5
6795,5
6796,5
6797,5
6798,5
6799,5
6800,5
6801,5
6802,5
6803,5
6804,5
6805,5
6806,5
6807,5
6808,10
6809,10
6810,10
6811,10
6812,9
6813,9
6814,9
6815,9
6816,9
6817,9
6818,8
6819,8
6820,8
6821,8
6822,7
6823,7
6824,7
6825,7
6826,6
6827,6
6828,6
6829,6
6830,6
6831,6
6832,6
6833,6
6834,6
6835,6
6836,6
6837,6
6838,5
6839,5
6840,5
6841,5
6842,5
6843,5
6844,13
6845,13
6846,13
6847,13
6848,11
6849,11
6850,11
6851,11
6852,11
6853,11
6854,11
6855,11
6856,11
6857,11
6858,11
6859,11
6860,11
6861,13
6862,13
6863,12
6864,12
6865,12
6866,11
6867,11
6868,11
6869,11
6870,11
6871,11
6872,11
6873,9
6874,9
6875,8
6876,8
6877,8
6878,8
6879,8
6880,8
6881,8
6882,7
6883,7
6884,7
6885,7
6886,7
6887,7
6888,7
6889,8
6890,8
6891,8
6892,8
6893,8
6894,8
6895,8
6896,8
6897,8
6898,8
6899,8
6900,8
6901,7
6902,7
6903,7
6904,7
6905,7
6906,7
6907,7
6908,7
6909,7
6910,6
6911,6
6912,6
6913,6
6914,6
6915,6
6916,12
6917,12
6918,14
6919,14
6920,14
6921,14
6922,14
6923,14
6924,13
6925,12
6926,12
6927,12
6928,12
6929,12
6930,12
6931,12
6932,12
6933,28
6934,27
6935,27
6936,27
6937,27
6938,26
6939,26
6940,26
6941,26
6942,25
6943,25
6944,25
6945,25
6946,25
6947,25
6948,23
6949,23
6950,22
6951,22
6952,22
6953,22
6954,22
6955,21
6956,21
6957,20
6958,20
6959,20
6960,20
6961,19
6962,18
6963,18
6964,18
6965,18
6966,18
6967,17
6968,17
6969,17
6970,17
6971,17
6972,17
6973,16
6974,16
6975,16
6976,16
6977,15
6978,19
6979,19
6980,18
6981,18
6982,18
6983,17
6984,17
6985,17
6986,17
6987,17
6988,17
6989,17
6990,17
6991,17
6992,17
6993,17
6994,17
6995,17
6996,16
6997,16
6998,16
6999,15
7000,15
7001,15
7002,15
7003,15
7004,15
7005,15
7006,14
7007,14
7008,14
7009,14
7010,13
7011,13
7012,12
7013,12
7014,12
7015,12
7016,12
7017,12
7018,12
7019,11
7020,11
7021,11
7022,11
7023,10
7024,10
7025,10
7026,10
7027,9
7028,10
7029,10
7030,9
7031,9
7032,9
7033,9
7034,9
7035,15
7036,15
7037,15
7038,15
7039,14
7040,14
7041,14
7042,14
7043,14
7044,14
7045,14
7046,14
7047,14
7048,14
7049,14
7050,14
7051,14
7052,13
7053,13
7054,13
7055,13
7056,13
7057,13
7058,13
7059,13
7060,13
7061,13
7062,12
7063,12
7064,12
7065,12
7066,12
7067,12
7068,12
7069,12
7070,12
7071,12
7072,12
7073,12
7074,11
7075,11
7076,9
7077,9
7078,9
7079,9
7080,8
7081,8
7082,8
7083,8
7084,8
7085,8
7086,8
7087,8
7088,8
7089,8
7090,8
7091,8
7092,8
7093,8
7094,8
7095,8
7096,8
7097,8
7098,10
7099,10
7100,10
7101,9
7102,9
7103,9
7104,17
7105,17
7106,17
7107,17
7108,16
7109,16
7110,16
7111,15
7112,15
7113,15
7114,14
7115,14
7116,14
7117,13
7118,12
7119,12
7120,12
7121,12
7122,12
7123,12
7124,12
7125,12
7126,12
7127,11
7128,11
7129,11
7130,11
7131,11
7132,9
7133,9
7134,9
7135,8
7136,8
7137,8
7138,7
7139,7
7140,7
7141,13
7142,13
7143,13
7144,21
7145,21
7146,27
7147,26
7148,26
7149,25
7150,29
7151,28
7152,28
7153,28
7154,28
7155,26
7156,26
7157,25
7158,25
7159,25
7160,24
7161,24
7162,24
7163,24
7164,23
7165,22
7166,22
7167,22
7168,22
7169,22
7170,22
7171,22
7172,22
7173,22
7174,22
7175,22
7176,22
7177,21
7178,25
7179,25
7180,24
7181,30
7182,30
7183,30
7184,30
7185,30
7186,30
7187,30
7188,30
7189,30
7190,29
7191,28
7192,28
7193,28
7194,28
7195,27
7196,26
7197,25
7198,25
7199,25
7200,25
7201,24
7202,24
7203,24
7204,24
7205,22
7206,21
7207,21
7208,21
7209,20
7210,20
7211,20
7212,20
7213,20
7214,20
7215,19
7216,18
7217,18
7218,18
7219,18
7220,18
7221,17
7222,17
7223,17
7224,17
7225,16
7226,15
7227,15
7228,15
7229,15
7230,15
7231,15
7232,15
7233,14
7234,14
7235,12
7236,12
7237,12
7238,17
7239,16
7240,16
7241,16
7242,16
7243,14
7244,14
7245,14
7246,13
7247,13
7248,13
7249,13
7250,13
7251,12
7252,12
7253,12
7254,12
7255,11
7256,11
7257,15
7258,15
7259,15
7260,15
7261,18
7262,18
7263,18
7264,17
7265,17
7266,25
7267,23
7268,23
7269,23
7270,22
7271,22
7272,22
7273,21
7274,20
7275,19
7276,19
7277,18
7278,18
7279,17
7280,17
7281,17
7282,16
7283,16
7284,16
7285,16
7286,16
7287,16
7288,16
7289,20
7290,20
7291,19
7292,19
7293,19
7294,19
7295,19
7296,19
7297,18
7298,17
7299,17
7300,17
7301,17
7302,17
7303,17
7304,17
7305,17
7306,17
7307,16
7308,16
7309,16
7310,15
7311,15
7312,15
7313,15
7314,15
7315,13
7316,13
7317,12
7318,11
7319,11
7320,11
7321,10
7322,10
7323,10
7324,17
7325,17
7326,17
7327,17
7328,17
7329,16
7330,16
7331,16
7332,15
7333,15
7334,15
7335,13
7336,12
7337,12
7338,12
7339,12
7340,12
7341,12
7342,12
7343,10
7344,10
7345,10
7346,10
7347,10
7348,16
7349,16
7350,16
7351,16
7352,16
7353,16
7354,15
7355,15
7356,15
7357,17
7358,17
7359,17
7360,17
7361,17
7362,17
7363,17
7364,17
7365,17
7366,15
7367,15
7368,14
7369,14
7370,14
7371,14
7372,14
7373,15
7374,14
7375,14
7376,14
7377,14
7378,14
7379,14
7380,14
7381,14
7382,13
7383,13
7384,13
7385,12
7386,12
7387,12
7388,12
7389,12
7390,12
7391,12
7392,12
7393,12
7394,12
7395,11
7396,10
7397,10
7398,10
7399,10
7400,10
7401,9
7402,9
7403,9
7404,9
7405,9
7406,18
7407,18
7408,18
7409,18
7410,17
7411,16
7412,16
7413,16
7414,16
7415,16
7416,15
7417,15
7418,15
7419,15
7420,19
7421,22
7422,22
7423,22
7424,22
7425,21
7426,23
7427,23
7428,23
7429,23
7430,23
7431,28
7432,27
7433,27
7434,26
7435,30
7436,30
7437,30
7438,30
7439,30
7440,30
7441,29
7442,34
7443,38
7444,35
7445,33
7446,33
7447,33
7448,32
7449,33
7450,32
7451,32
7452,32
7453,31
7454,31
7455,30
7456,30
7457,29
7458,33
7459,33
7460,33
7461,41
7462,41
7463,41
7464,40
7465,40
7466,40
7467,39
7468,39
7469,42
7470,42
7471,42
7472,41
7473,40
7474,39
7475,39
7476,38
7477,38
7478,38
7479,38
7480,38
7481,38
7482,36
7483,35
7484,35
7485,35
7486,33
7487,33
7488,33
7489,32
7490,32
7491,33
7492,33
7493,33
7494,33
7495,32
7496,31
7497,29
7498,28
7499,28
7500,27
7501,27
7502,26
7503,26
7504,26
7505,25
7506,24
7507,24
7508,23
7509,23
7510,23
7511,23
7512,23
7513,23
7514,23
7515,22
7516,21
7517,26
7518,25
7519,25
7520,25
7521,25
7522,25
7523,25
7524,25
7525,24
7526,24
7527,23
7528,22
7529,22
7530,21
7531,22
7532,22
7533,22
7534,22
7535,20
7536,20
7537,20
7538,20
7539,20
7540,19
7541,17
7542,17
7543,17
7544,17
7545,16
7546,15
7547,14
7548,18
7549,17
7550,17
7551,17
7552,15
7553,15
7554,15
7555,15
7556,15
7557,15
7558,14
7559,14
7560,14
7561,14
7562,14
7563,13
7564,13
7565,13
7566,13
7567,13
7568,13
7569,13
7570,17
7571,16
7572,16
7573,16
7574,16
7575,15
7576,15
7577,15
7578,14
7579,14
7580,14
7581,14
7582,14
7583,13
7584,12
7585,12
7586,12
7587,12
7588,12
7589,15
7590,15
7591,15
7592,15
7593,15
7594,14
7595,14
7596,14
7597,14
7598,14
7599,14
7600,14
7601,13
7602,11
7603,11
7604,10
7605,10
7606,10
7607,10
7608,11
7609,11
7610,11
7611,11
7612,10
7613,10
7614,10
7615,10
7616,9
7617,9
7618,9
7619,9
7620,9
7621,8
7622,11
7623,11
7624,11
7625,11
7626,11
7627,11
7628,11
7629,11
7630,11
7631,10
7632,10
7633,10
7634,9
7635,9
7636,9
7637,9
7638,9
7639,9
7640,9
7641,7
7642,7
7643,7
7644,7
7645,7
7646,6
7647,6
7648,6
7649,6
7650,6
7651,6
7652,6
7653,6
7654,6
7655,6
7656,6
7657,6
7658,6
7659,6
7660,6
7661,6
7662,6
7663,6
7664,6
7665,6
7666,4
7667,4
7668,17
7669,17
7670,17
7671,17
7672,16
7673,15
7674,15
7675,15
7676,15
7677,15
7678,14
7679,14
7680,14
7681,14
7682,14
7683,14
7684,13
7685,13
7686,13
7687,21
7688,21
7689,21
7690,21
7691,20
7692,20
7693,21
7694,20
7695,20
7696,29
7697,29
7698,29
7699,29
7700,29
7701,29
7702,29
7703,30
7704,30
7705,30
7706,30
7707,29
7708,27
7709,27
7710,26
7711,25
7712,25
7713,30
7714,30
7715,29
7716,29
7717,27
7718,27
7719,26
7720,26
7721,25
7722,25
7723,25
7724,24
7725,24
7726,27
7727,26
7728,26
7729,26
7730,26
7731,25
7732,25
7733,25
7734,25
7735,25
7736,23
7737,23
7738,23
7739,23
7740,23
7741,23
7742,22
7743,22
7744,25
7745,26
7746,26
7747,26
7748,26
7749,26
7750,26
7751,26
7752,25
7753,25
7754,25
7755,24
7756,24
7757,22
7758,21
7759,21
7760,20
7761,20
7762,20
7763,28
7764,28
7765,28
7766,27
7767,26
7768,25
7769,28
7770,28
7771,28
7772,28
7773,27
7774,26
7775,26
7776,26
7777,25
7778,25
7779,25
7780,25
7781,25
7782,23
7783,23
7784,23
7785,22
7786,22
7787,21
7788,21
7789,21
7790,24
7791,23
7792,22
7793,22
7794,21
7795,21
7796,21
7797,20
7798,20
7799,20
7800,26
7801,25
7802,25
7803,25
7804,25
7805,25
7806,25
7807,29
7808,28
7809,28
7810,27
7811,27
7812,27
7813,27
7814,27
7815,26
7816,26
7817,25
7818,24
7819,24
7820,24
7821,24
7822,24
7823,24
7824,23
7825,23
7826,23
7827,21
7828,26
7829,26
7830,25
7831,25
7832,24
7833,25
7834,25
7835,25
7836,25
7837,25
7838,25
7839,24
7840,23
7841,23
7842,23
7843,23
7844,22
7845,22
7846,22
7847,21
7848,21
7849,21
7850,25
7851,25
7852,24
7853,23
7854,23
7855,23
7856,22
7857,21
7858,21
7859,21
7860,21
7861,21
7862,21
7863,20
7864,20
7865,20
7866,20
7867,25
7868,24
7869,26
7870,26
7871,26
7872,25
7873,24
7874,24
7875,24
7876,24
7877,23
7878,23
7879,22
7880,22
7881,22
7882,22
7883,21
7884,21
7885,19
7886,18
7887,18
7888,17
7889,17
7890,17
7891,17
7892,16
7893,16
7894,16
7895,16
7896,15
7897,15
7898,15
7899,15
7900,15
7901,15
7902,14
7903,14
7904,14
7905,14
7906,14
7907,13
7908,12
7909,12
7910,12
7911,12
7912,12
7913,12
7914,12
7915,12
7916,12
7917,11
7918,11
7919,10
7920,10
7921,10
7922,10
7923,9
7924,9
7925,9
7926,9
7927,9
7928,9
7929,9
7930,9
7931,8
7932,8
7933,7
7934,6
7935,6
7936,6
7937,6
7938,6
7939,6
7940,5
7941,5
7942,9
7943,9
7944,16
7945,16
7946,16
7947,16
7948,16
7949,16
7950,16
7951,15
7952,15
7953,15
7954,15
7955,15
7956,18
7957,18
7958,18
7959,24
7960,24
7961,24
7962,22
7963,21
7964,21
7965,20
7966,19
7967,19
7968,19
7969,19
7970,19
7971,18
7972,18
7973,26
7974,25
7975,25
7976,24
7977,24
7978,32
7979,32
7980,30
7981,34
7982,34
7983,33
7984,32
7985,32
7986,32
7987,31
7988,30
7989,30
7990,29
7991,29
7992,27
7993,26
7994,26
7995,26
7996,26
7997,25
7998,25
7999,25
8000,25
8001,25
8002,25
8003,25
8004,25
8005,25
8006,25
8007,25
8008,25
8009,25
8010,25
8011,29
8012,29
8013,28
8014,27
8015,27
8016,31
8017,31
8018,31
8019,28
8020,28
8021,28
8022,25
8023,24
8024,24
8025,24
8026,24
8027,24
8028,24
8029,24
8030,24
8031,22
8032,22
8033,22
8034,22
8035,21
8036,20
8037,19
8038,19
8039,19
8040,18
8041,18
8042,16
8043,16
8044,16
8045,20
8046,20
8047,20
8048,19
8049,19
8050,19
8051,18
8052,18
8053,18
8054,18
8055,18
8056,17
8057,17
8058,23
8059,22
8060,22
8061,22
8062,22
8063,22
8064,22
8065,22
8066,20
8067,20
8068,19
8069,17
8070,16
8071,16
8072,16
8073,16
8074,16
8075,16
8076,16
8077,16
8078,15
8079,15
8080,15
8081,15
8082,14
8083,13
8084,13
8085,13
8086,12
8087,12
8088,12
8089,12
8090,12
8091,12
8092,11
8093,11
8094,11
8095,11
8096,11
8097,11
8098,11
8099,10
8100,10
8101,10
8102,10
8103,10
8104,10
8105,10
8106,9
8107,9
8108,9
8109,9
8110,9
8111,9
8112,14
8113,13
8114,13
8115,13
8116,13
8117,13
8118,13
8119,11
8120,11
8121,11
8122,11
8123,10
8124,10
8125,10
8126,12
8127,12
8128,12
8129,11
8130,11
8131,11
8132,11
8133,11
8134,11
8135,10
8136,18
8137,18
8138,18
8139,17
8140,17
8141,17
8142,17
8143,17
8144,16
8145,26
8146,25
8147,25
8148,25
8149,25
8150,24
8151,24
8152,23
8153,22
8154,22
8155,22
8156,22
8157,21
8158,21
8159,20
8160,19
8161,19
8162,19
8163,18
8164,18
8165,26
8166,26
8167,25
8168,24
8169,23
8170,22
8171,22
8172,22
8173,22
8174,22
8175,22
8176,22
8177,21
8178,21
8179,21
8180,21
8181,21
8182,20
8183,20
8184,19
8185,19
8186,18
8187,18
8188,18
8189,18
8190,18
8191,18
8192,18
8193,18
8194,18
8195,18
8196,18
8197,18
8198,18
8199,18
8200,17
8201,17
8202,17
8203,17
8204,16
8205,19
8206,19
8207,18
8208,18
8209,18
8210,17
8211,16
8212,16
8213,15
8214,15
8215,14
8216,14
8217,14
8218,12
8219,12
8220,12
8221,12
8222,12
8223,12
8224,12
8225,12
8226,12
8227,12
8228,12
8229,11
8230,11
8231,11
8232,11
8233,12
8234,12
8235,12
8236,11
8237,11
8238,11
8239,10
8240,10
8241,10
8242,10
8243,10
8244,10
8245,10
8246,10
8247,10
8248,10
8249,9
8250,9
8251,9
8252,9
8253,9
8254,9
8255,9
8256,9
8257,9
8258,8
8259,8
8260,8
8261,8
8262,11
8263,10
8264,10
8265,9
8266,9
8267,8
8268,8
8269,8
8270,8
8271,8
8272,6
8273,6
8274,6
8275,6
8276,6
8277,6
8278,6
8279,6
8280,6
8281,6
8282,6
8283,6
8284,4
8285,4
8286,4
8287,4
8288,4
8289,3
8290,3
8291,3
8292,3
8293,3
8294,3
8295,3
8296,3
8297,3
8298,3
8299,3
8300,3
8301,3
8302,3
8303,3
8304,3
8305,3
8306,3
8307,3
8308,3
8309,2
8310,2
8311,2
8312,2
8313,2
8314,2
8315,2
8316,6
8317,6
8318,5
8319,5
8320,5
8321,5
8322,5
8323,5
8324,5
8325,5
8326,5
8327,5
8328,5
8329,5
8330,5
8331,5
8332,5
8333,5
8334,12
8335,12
8336,12
8337,12
8338,12
8339,12
8340,12
8341,12
8342,12
8343,12
8344,11
8345,11
8346,11
8347,11
8348,10
8349,10
8350,10
8351,10
8352,10
8353,10
8354,10
8355,9
8356,9
8357,9
8358,9
8359,9
8360,9
8361,8
8362,8
8363,8
8364,8
8365,8
8366,8
8367,8
8368,11
8369,11
8370,16
8371,16
8372,15
8373,15
8374,15
8375,14
8376,14
8377,14
8378,14
8379,14
8380,14
8381,14
8382,14
8383,13
8384,12
8385,12
8386,10
8387,10
8388,9
8389,9
8390,9
8391,9
8392,9
8393,9
8394,9
8395,8
8396,7
8397,7
8398,7
8399,6
8400,6
8401,6
8402,9
8403,9
8404,9
8405,9
8406,9
8407,9
8408,9
8409,9
8410,14
8411,14
8412,14
8413,14
8414,14
8415,22
8416,22
8417,22
8418,22
8419,22
8420,22
8421,22
8422,22
8423,22
8424,22
8425,21
8426,20
8427,20
8428,20
8429,19
8430,19
8431,19
8432,19
8433,19
8434,18
8435,18
8436,17
8437,17
8438,17
8439,17
8440,17
8441,17
8442,17
8443,17
8444,17
8445,17
8446,17
8447,16
8448,16
8449,16
8450,15
8451,15
8452,15
8453,15
8454,14
8455,14
8456,14
8457,14
8458,14
8459,14
8460,14
8461,14
8462,14
8463,13
8464,13
8465,13
8466,12
8467,12
8468,12
8469,11
8470,11
8471,11
8472,11
8473,11
8474,11
8475,11
8476,11
8477,10
8478,10
8479,10
8480,10
8481,10
8482,10
8483,10
8484,10
8485,10
8486,10
8487,10
8488,10
8489,10
8490,9
8491,9
8492,9
8493,9
8494,9
8495,9
8496,8
8497,8
8498,7
8499,7
8500,7
8501,7
8502,7
8503,7
8504,7
8505,7
8506,6
8507,6
8508,6
8509,6
8510,6
8511,6
8512,6
8513,6
8514,6
8515,6
8516,6
8517,6
8518,6
8519,6
8520,6
8521,5
8522,5
8523,4
8524,4
8525,4
8526,4
8527,4
8528,4
8529,4
8530,4
8531,4
8532,4
8533,4
8534,4
8535,4
8536,4
8537,4
8538,4
8539,4
8540,4
8541,4
8542,4
8543,4
8544,4
8545,4
8546,4
8547,4
8548,4
8549,4
8550,4
8551,4
8552,4
8553,4
8554,4
8555,4
8556,9
8557,9
8558,9
8559,10
8560,10
8561,10
8562,10
8563,10
8564,10
8565,10
8566,10
8567,10
8568,10
8569,9
8570,9
8571,9
8572,9
8573,9
8574,15
8575,15
8576,14
8577,14
8578,14
8579,14
8580,14
8581,14
8582,14
8583,14
8584,13
8585,13
8586,13
8587,13
8588,13
8589,13
8590,12
8591,15
8592,15
8593,14
8594,14
8595,14
8596,14
8597,14
8598,14
8599,13
8600,13
8601,13
8602,13
8603,12
8604,12
8605,12
8606,11
8607,11
8608,11
8609,11
8610,11
8611,11
8612,10
8613,10
8614,18
8615,18
8616,18
8617,18
8618,17
8619,17
8620,16
8621,16
8622,16
8623,16
8624,16
8625,16
8626,15
8627,14
8628,14
8629,14
8630,14
8631,14
8632,14
8633,13
8634,13
8635,12
8636,12
8637,12
8638,12
8639,12
8640,12
8641,10
8642,10
8643,10
8644,10
8645,10
8646,10
8647,10
8648,10
8649,10
8650,10
8651,10
8652,9
8653,9
8654,9
8655,9
8656,9
8657,9
8658,9
8659,9
8660,9
8661,8
8662,8
8663,8
8664,8
8665,8
8666,8
8667,8
8668,8
8669,8
8670,8
8671,8
8672,8
8673,8
8674,8
8675,8
8676,8
8677,8
8678,8
8679,8
8680,8
8681,8
8682,8
8683,8
8684,8
8685,7
8686,6
8687,6
8688,6
8689,6
8690,6
8691,6
8692,5
8693,5
8694,5
8695,5
8696,5
8697,4
8698,3
8699,10
8700,10
8701,10
8702,10
8703,10
8704,10
8705,10
8706,10
8707,10
8708,10
8709,10
8710,10
8711,9
8712,9
8713,9
8714,9
8715,8
8716,7
8717,7
8718,7
8719,7
8720,7
8721,7
8722,7
8723,7
8724,12
8725,12
8726,12
8727,12
8728,16
8729,16
8730,16
8731,16
8732,15
8733,15
8734,15
8735,15
8736,15
8737,15
8738,15
8739,14
8740,14
8741,14
8742,14
8743,13
8744,13
8745,13
8746,13
8747,13
8748,12
8749,12
8750,12
8751,12
8752,12
8753,12
8754,12
8755,12
8756,12
8757,12
8758,12
8759,12
8760,11
8761,11
8762,11
8763,10
8764,10
8765,10
8766,10
8767,10
8768,10
8769,10
8770,10
8771,10
8772,10
8773,10
8774,9
8775,9
8776,8
8777,8
8778,8
8779,8
8780,8
8781,8
8782,12
8783,12
8784,12
8785,12
8786,12
8787,12
8788,12
8789,12
8790,12
8791,12
8792,12
8793,12
8794,12
8795,12
8796,11
8797,11
8798,11
8799,11
8800,10
8801,10
8802,10
8803,9
8804,9
8805,8
8806,8
8807,8
8808,8
8809,8
8810,7
8811,6
8812,6
8813,6
8814,6
8815,6
8816,5
8817,5
8818,5
8819,3
8820,3
8821,3
8822,3
8823,3
8824,3
8825,3
8826,3
8827,3
8828,3
8829,8
8830,8
8831,8
8832,8
8833,8
8834,8
8835,8
8836,8
8837,8
8838,8
8839,8
8840,8
8841,8
8842,8
8843,8
8844,8
8845,8
8846,8
8847,21
8848,21
8849,21
8850,21
8851,21
8852,21
8853,21
8854,21
8855,20
8856,20
8857,20
8858,20
8859,17
8860,17
8861,17
8862,16
8863,16
8864,16
8865,16
8866,15
8867,14
8868,14
8869,14
8870,14
8871,14
8872,14
8873,14
8874,14
8875,14
8876,14
8877,14
8878,13
8879,13
8880,13
8881,13
8882,13
8883,13
8884,13
8885,10
8886,10
8887,10
8888,10
8889,10
8890,10
8891,10
8892,10
8893,10
8894,10
8895,10
8896,10
8897,10
8898,10
8899,10
8900,10
8901,10
8902,8
8903,8
8904,8
8905,8
8906,8
8907,8
8908,8
8909,8
8910,8
8911,8
8912,8
8913,8
8914,8
8915,8
8916,8
8917,8
8918,8
8919,8
8920,7
8921,7
8922,7
8923,7
8924,7
8925,7
8926,7
8927,7
8928,7
8929,7
8930,7
8931,7
8932,7
8933,7
8934,7
8935,7
8936,7
8937,6
8938,6
8939,6
8940,6
8941,6
8942,6
8943,6
8944,6
8945,5
8946,5
8947,5
8948,5
8949,5
8950,5
8951,5
8952,5
8953,5
8954,5
8955,5
8956,5
8957,5
8958,5
8959,5
8960,5
8961,5
8962,5
8963,5
8964,5
8965,5
8966,9
8967,9
8968,9
8969,9
8970,9
8971,9
8972,10
8973,10
8974,10
8975,10
8976,9
8977,9
8978,9
8979,9
8980,9
8981,9
8982,9
8983,9
8984,9
8985,9
8986,9
8987,9
8988,9
8989,9
8990,9
8991,8
8992,12
8993,12
8994,12
8995,12
8996,12
8997,12
8998,12
8999,12
9000,12
9001,12
9002,12
9003,12
9004,12
9005,12
9006,11
9007,11
9008,11
9009,11
9010,11
9011,11
9012,11
9013,11
9014,11
9015,10
9016,10
9017,10
9018,10
9019,10
9020,10
9021,9
9022,9
9023,9
9024,9
9025,7
9026,7
9027,7
9028,7
9029,7
9030,7
9031,7
9032,7
9033,7
9034,7
9035,7
9036,6
9037,6
9038,6
9039,6
9040,5
9041,5
9042,5
9043,9
9044,9
9045,9
9046,9
9047,9
9048,9
9049,9
9050,9
9051,8
9052,8
9053,7
9054,7
9055,7
9056,7
9057,7
9058,7
9059,7
9060,7
9061,7
9062,7
9063,6
9064,6
9065,6
9066,6
9067,14
9068,14
9069,14
9070,14
9071,14
9072,14
9073,14
9074,14
9075,14
9076,13
9077,13
9078,13
9079,12
9080,12
9081,12
9082,12
9083,12
9084,12
9085,12
9086,12
9087,12
9088,12
9089,11
9090,11
9091,11
9092,11
9093,11
9094,11
9095,11
9096,10
9097,10
9098,10
9099,10
9100,10
9101,10
9102,10
9103,10
9104,10
9105,10
9106,10
9107,10
9108,10
9109,10
9110,10
9111,10
9112,10
9113,10
9114,10
9115,10
9116,10
9117,9
9118,9
9119,9
9120,9
9121,9
9122,9
9123,9
9124,9
9125,9
9126,9
9127,9
9128,8
9129,8
9130,8
9131,7
9132,7
9133,7
9134,7
9135,7
9136,7
9137,7
9138,7
9139,7
9140,6
9141,6
9142,6
9143,6
9144,6
9145,6
9146,6
9147,6
9148,12
9149,12
9150,12
9151,12
9152,12
9153,12
9154,12
9155,12
9156,12
9157,11
9158,11
9159,14
9160,14
9161,14
9162,14
9163,14
9164,14
9165,21
9166,21
9167,21
9168,20
9169,20
9170,20
9171,20
9172,18
9173,18
9174,18
9175,18
9176,18
9177,18
9178,18
9179,18
9180,18
9181,18
9182,18
9183,18
9184,18
9185,18
9186,18
9187,18
9188,18
9189,18
9190,18
9191,18
9192,18
9193,18
9194,17
9195,17
9196,16
9197,16
9198,16
9199,16
9200,16
9201,16
9202,15
9203,15
9204,15
9205,16
9206,15
9207,15
9208,15
9209,14
9210,14
9211,14
9212,14
9213,13
9214,13
9215,13
9216,13
9217,13
9218,13
9219,13
9220,12
9221,12
9222,15
9223,14
9224,13
9225,13
9226,13
9227,13
9228,13
9229,12
9230,12
9231,12
9232,12
9233,11
9234,10
9235,10
9236,9
9237,8
9238,8
9239,8
9240,8
9241,9
9242,9
9243,9
9244,9
9245,9
9246,9
9247,9
9248,9
9249,9
9250,9
9251,9
9252,9
9253,16
9254,16
9255,16
9256,16
9257,16
9258,15
9259,15
9260,15
9261,15
9262,14
9263,12
9264,11
9265,11
9266,11
9267,10
9268,10
9269,10
9270,9
9271,9
9272,9
9273,9
9274,9
9275,9
9276,9
9277,9
9278,9
9279,12
9280,12
9281,12
9282,12
9283,12
9284,12
9285,12
9286,12
9287,12
9288,12
9289,12
9290,12
9291,20
9292,20
9293,20
9294,20
9295,20
9296,20
9297,20
9298,18
9299,17
9300,17
9301,16
9302,16
9303,16
9304,15
9305,14
9306,14
9307,14
9308,13
9309,13
9310,13
9311,13
9312,13
9313,13
9314,13
9315,13
9316,13
9317,13
9318,13
9319,12
9320,11
9321,11
9322,11
9323,11
9324,11
9325,11
9326,11
9327,11
9328,11
9329,11
9330,11
9331,11
9332,11
9333,10
9334,10
9335,10
9336,10
9337,10
9338,10
9339,10
9340,9
9341,9
9342,9
9343,8
9344,8
9345,8
9346,8
9347,8
9348,7
9349,7
9350,7
9351,7
9352,7
9353,7
9354,7
9355,7
9356,7
9357,7
9358,7
9359,7
9360,7
9361,7
9362,7
9363,7
9364,6
9365,6
9366,6
9367,6
9368,5
9369,5
9370,5
9371,5
9372,5
9373,5
9374,5
9375,4
9376,4
9377,4
9378,4
9379,4
9380,4
9381,4
9382,3
9383,3
9384,3
9385,3
9386,3
9387,3
9388,3
9389,3
9390,3
9391,5
9392,5
9393,5
9394,4
9395,4
9396,4
9397,4
9398,4
9399,4
9400,4
9401,4
9402,4
9403,12
9404,12
9405,12
9406,11
9407,11
9408,11
9409,11
9410,11
9411,10
9412,10
9413,9
9414,9
9415,9
9416,9
9417,9
9418,9
9419,9
9420,9
9421,9
9422,9
9423,9
9424,8
9425,8
9426,8
9427,7
9428,7
9429,7
9430,6
9431,6
9432,8
9433,8
9434,8
9435,8
9436,8
9437,8
9438,8
9439,8
9440,8
9441,8
9442,7
9443,7
9444,7
9445,7
9446,7
9447,7
9448,7
9449,6
9450,6
9451,6
9452,6
9453,6
9454,6
9455,6
9456,6
9457,6
9458,6
9459,6
9460,10
9461,10
9462,10
9463,18
9464,17
9465,17
9466,17
9467,17
9468,17
9469,17
9470,17
9471,16
9472,16
9473,16
9474,16
9475,16
9476,15
9477,15
9478,15
9479,15
9480,15
9481,15
9482,14
9483,14
9484,14
9485,14
9486,13
9487,13
9488,13
9489,13
9490,12
9491,11
9492,11
9493,11
9494,11
9495,11
9496,11
9497,11
9498,11
9499,11
9500,11
9501,10
9502,9
9503,9
9504,9
9505,8
9506,8
9507,8
9508,8
9509,8
9510,8
9511,8
9512,8
9513,8
9514,7
9515,7
9516,7
9517,6
9518,6
9519,6
9520,6
9521,6
9522,6
9523,6
9524,6
9525,6
9526,6
9527,6
9528,6
9529,6
9530,6
9531,5
9532,5
9533,5
9534,5
9535,5
9536,5
9537,5
9538,5
9539,5
9540,5
9541,5
9542,5
9543,5
9544,5
9545,5
9546,5
9547,5
9548,5
9549,5
9550,5
9551,5
9552,4
9553,4
9554,4
9555,4
9556,4
9557,4
9558,4
9559,4
9560,4
9561,3
9562,3
9563,3
9564,3
9565,3
9566,3
9567,3
9568,3
9569,3
9570,3
9571,2
9572,2
9573,2
9574,2
9575,2
9576,2
9577,1
9578,0
9579,0
9580,0
9581,0
9582,0
9583,0
9584,0
9585,0
9586,0
9587,0
9588,0
9589,0
9590,0
9591,0
9592,0
9593,0
9594,0
9595,0
9596,0
9597,0
9598,0
9599,0
9600,0
9601,0
9602,0
9603,0
9604,0
9605,0
9606,0
9607,0
9608,0
9609,0
9610,0
9611,0
9612,0
9613,0
9614,0
9615,0
9616,0
9617,0
9618,0
9619,0
9620,0
9621,0
9622,5
9623,5
9624,5
9625,5
9626,4
9627,4
9628,4
9629,5
9630,5
9631,5
9632,5
9633,4
9634,4
9635,4
9636,4
9637,4
9638,4
9639,4
9640,4
9641,4
9642,4
9643,4
9644,4
9645,3
9646,3
9647,3
9648,3
9649,3
9650,3
9651,3
9652,3
9653,3
9654,3
9655,3
9656,3
9657,3
9658,2
9659,2
9660,2
9661,2
9662,2
9663,10
9664,9
9665,13
9666,13
9667,13
9668,13
9669,13
9670,13
9671,17
9672,16
9673,16
9674,16
9675,16
9676,16
9677,16
9678,16
9679,16
9680,16
9681,16
9682,16
9683,14
9684,14
9685,14
9686,13
9687,13
9688,13
9689,13
9690,13
9691,13
9692,12
9693,12
9694,12
9695,12
9696,12
9697,12
9698,12
9699,11
9700,11
9701,11
9702,10
9703,9
9704,9
9705,9
9706,9
9707,9
9708,9
9709,8
9710,7
9711,7
9712,7
9713,7
9714,7
9715,7
9716,7
9717,7
9718,7
9719,7
9720,7
9721,7
9722,7
9723,7
9724,7
9725,6
9726,6
9727,6
9728,6
9729,6
9730,6
9731,6
9732,6
9733,6
9734,6
9735,6
9736,6
9737,5
9738,5
9739,5
9740,4
9741,4
9742,4
9743,4
9744,4
9745,4
9746,3
9747,3
9748,3
9749,3
9750,3
9751,3
9752,3
9753,3
9754,3
9755,3
9756,3
9757,3
9758,3
9759,3
9760,3
9761,3
9762,3
9763,3
9764,3
9765,3
9766,3
9767,3
9768,3
9769,3
9770,3
9771,3
9772,3
9773,3
9774,3
9775,3
9776,3
9777,3
9778,3
9779,3
9780,3
9781,2
9782,2
9783,2
9784,2
9785,2
9786,2
9787,2
9788,2
9789,2
9790,2
9791,2
9792,2
9793,2
9794,2
9795,1
9796,1
9797,1
9798,1
9799,1
9800,1
9801,1
9802,1
9803,1
9804,1
9805,1
9806,1
9807,1
9808,1
9809,1
9810,2
9811,2
9812,2
9813,2
9814,2
9815,2
9816,2
9817,2
9818,2
9819,2
9820,2
9821,2
9822,2
9823,2
9824,2
9825,2
9826,2
9827,2
9828,2
9829,2
9830,2
9831,2
9832,2
9833,1
9834,1
9835,1
9836,1
9837,1
9838,1
9839,1
9840,1
9841,1
9842,1
9843,1
9844,1
9845,1
9846,1
9847,1
9848,1
9849,1
9850,1
9851,1
9852,1
9853,1
9854,1
9855,1
9856,1
9857,1
9858,1
9859,1
9860,1
9861,1
9862,1
9863,1
9864,1
9865,1
9866,1
9867,1
9868,1
9869,1
9870,1
9871,1
9872,1
9873,1
9874,1
9875,8
9876,8
9877,8
9878,8
9879,8
9880,8
9881,8
9882,8
9883,8
9884,8
9885,8
9886,8
9887,7
9888,7
9889,7
9890,7
9891,7
9892,7
9893,7
9894,7
9895,7
9896,7
9897,7
9898,7
9899,7
9900,7
9901,6
9902,6
9903,6
9904,6
9905,6
9906,6
9907,6
9908,6
9909,6
9910,6
9911,6
9912,6
9913,6
9914,6
9915,6
9916,6
9917,6
9918,6
9919,6
9920,5
9921,5
9922,5
9923,5
9924,5
9925,5
9926,5
9927,5
9928,4
9929,4
9930,4
9931,4
9932,4
9933,4
9934,4
9935,4
9936,3
9937,3
9938,3
9939,3
9940,3
9941,3
9942,3
9943,3
9944,3
9945,3
9946,3
9947,2
9948,2
9949,2
9950,2
9951,2
9952,2
9953,2
9954,2
9955,2
9956,2
9957,2
9958,1
9959,1
9960,1
9961,1
9962,1
9963,1
9964,1
9965,1
9966,1
9967,1
9968,1
9969,1
9970,1
9971,1
9972,1
9973,1
9974,1
9975,1
9976,10
9977,10
9978,10
9979,10
9980,10
9981,10
9982,10
9983,10
9984,10
9985,10
9986,10
9987,10
9988,10
9989,9
9990,9
9991,9
9992,9
9993,9
9994,9
9995,9
9996,9
9997,9
9998,9
9999,9
10000,9
10001,9
10002,9
10003,9
10004,9
10005,8
10006,8
10007,7
10008,7
10009,7
10010,7
10011,7
10012,6
10013,6
10014,6
10015,6
10016,5
10017,5
10018,5
10019,5
10020,5
10021,5
10022,5
10023,5
10024,5
10025,5
10026,5
10027,5
10028,5
10029,5
10030,5
10031,5
10032,5
10033,5
10034,5
10035,5
10036,5
10037,5
10038,5
10039,5
10040,5
10041,5
10042,9
10043,9
10044,9
10045,9
10046,9
10047,9
10048,9
10049,9
10050,9
10051,9
10052,9
10053,9
10054,8
10055,8
10056,8
10057,8
10058,8
10059,8
10060,8
10061,8
10062,8
10063,7
10064,7
10065,7
10066,7
10067,7
10068,7
10069,7
10070,7
10071,7
10072,7
10073,7
10074,6
10075,5
10076,5
10077,5
10078,5
10079,5
10080,5
10081,5
10082,5
10083,5
10084,5
10085,10
10086,10
10087,10
10088,10
10089,8
10090,8
10091,8
10092,8
10093,8
10094,8
10095,7
10096,7
10097,6
10098,6
10099,6
10100,6
10101,6
10102,6
10103,6
10104,6
10105,6
10106,5
10107,5
10108,5
10109,13
10110,13
10111,12
10112,12
10113,12
10114,11
10115,11
10116,11
10117,11
10118,10
10119,10
10120,10
10121,10
10122,10
10123,10
10124,10
10125,9
10126,9
10127,9
10128,9
10129,8
10130,8
10131,8
10132,8
10133,8
10134,8
10135,8
10136,8
10137,8
10138,8
10139,7
10140,7
10141,7
10142,7
10143,7
10144,7
10145,7
10146,7
10147,7
10148,7
10149,6
10150,6
10151,6
10152,6
10153,6
10154,6
10155,6
10156,5
10157,5
10158,5
10159,5
10160,5
10161,5
10162,4
10163,4
10164,4
10165,4
10166,4
10167,4
10168,4
10169,4
10170,3
10171,3
10172,3
10173,3
10174,3
10175,2
10176,2
10177,2
10178,2
10179,2
10180,2
10181,2
10182,2
10183,2
10184,2
10185,2
10186,2
10187,1
10188,1
10189,1
10190,1
10191,1
10192,1
10193,1
10194,1
10195,0
10196,0
10197,0
10198,0
10199,0
10200,0
10201,0
10202,0
10203,0
10204,0
10205,0
10206,0
10207,0
10208,0
10209,0
10210,0
10211,0
10212,0
10213,0
10214,0
10215,0
10216,0
10217,0
10218,0
10219,0
10220,0
10221,9
10222,9
10223,9
10224,9
10225,8
10226,8
10227,8
10228,8
10229,8
10230,16
10231,16
10232,16
10233,16
10234,16
10235,16
10236,16
10237,16
10238,15
10239,15
10240,15
10241,13
10242,13
10243,13
10244,13
10245,13
10246,12
10247,12
10248,12
10249,12
10250,12
10251,11
10252,11
10253,11
10254,11
10255,11
10256,10
10257,10
10258,10
10259,10
10260,10
10261,10
10262,10
10263,10
10264,10
10265,10
10266,10
10267,10
10268,10
10269,10
10270,10
10271,10
10272,10
10273,10
10274,9
10275,9
10276,9
10277,9
10278,9
10279,9
10280,9
10281,9
10282,16
10283,16
10284,16
10285,16
10286,16
10287,16
10288,16
10289,15
10290,15
10291,15
10292,14
10293,14
10294,14
10295,23
10296,23
10297,23
10298,23
10299,23
10300,23
10301,22
10302,22
10303,22
10304,22
10305,22
10306,22
10307,21
10308,20
10309,20
10310,20
10311,20
10312,20
10313,20
10314,20
10315,20
10316,18
10317,18
10318,17
10319,17
10320,17
10321,17
10322,17
10323,17
10324,16
10325,15
10326,15
10327,14
10328,14
10329,14
10330,14
10331,14
10332,14
10333,13
10334,12
10335,12
10336,12
10337,12
10338,12
10339,12
10340,12
10341,12
10342,12
10343,12
10344,12
10345,12
10346,12
10347,12
10348,12
10349,12
10350,12
10351,11
10352,11
10353,11
10354,10
10355,10
10356,10
10357,10
10358,10
10359,10
10360,9
10361,9
10362,9
10363,9
10364,9
10365,9
10366,9
10367,9
10368,9
10369,9
10370,9
10371,9
10372,9
10373,9
10374,9
10375,9
10376,9
10377,9
10378,9
10379,9
10380,9
10381,8
10382,8
10383,8
10384,8
10385,8
10386,8
10387,8
10388,7
10389,6
10390,6
10391,9
10392,9
10393,9
10394,9
10395,9
10396,9
10397,9
10398,9
10399,9
10400,9
10401,9
10402,9
10403,9
10404,9
10405,9
10406,9
10407,9
10408,9
10409,9
10410,9
10411,9
10412,9
10413,9
10414,9
10415,8
10416,8
10417,8
10418,8
10419,8
10420,8
10421,8
10422,8
10423,8
10424,8
10425,8
10426,8
10427,8
10428,8
10429,8
10430,8
10431,8
10432,8
10433,8
10434,8
10435,8
10436,8
10437,8
10438,8
10439,8
10440,8
10441,8
10442,8
10443,8
10444,8
10445,7
10446,7
10447,7
10448,6
10449,6
10450,6
10451,6
10452,6
10453,6
10454,6
10455,6
10456,6
10457,6
10458,6
10459,6
10460,5
10461,5
10462,5
10463,5
10464,5
10465,5
10466,5
10467,5
10468,5
10469,5
10470,5
10471,4
10472,4
10473,4
10474,4
10475,4
10476,4
10477,2
10478,2
10479,2
10480,2
10481,2
10482,2
10483,2
10484,2
10485,1
10486,1
10487,1
10488,1
10489,1
10490,1
10491,1
10492,1
10493,1
10494,1
10495,1
10496,1
10497,1
10498,1
10499,1
10500,1
10501,1
10502,1
10503,1
10504,1
10505,1
10506,0
10507,0
10508,0
10509,0
10510,0
10511,0
10512,0
10513,0
10514,0
10515,0
10516,0
10517,0
10518,0
10519,0
10520,0
10521,0
10522,0
10523,0
10524,0
10525,0
10526,0
10527,0
10528,0
10529,0
10530,0
10531,0
10532,0
10533,0
10534,0
10535,0
10536,0
10537,0
10538,0
10539,0
10540,0
10541,0
10542,0
10543,0
10544,0
10545,0
10546,0
10547,0
10548,0
10549,0
10550,0
10551,0
10552,0
10553,0
10554,0
10555,0
10556,0
10557,0
10558,0
10559,0
10560,0
10561,0
10562,0
10563,0
10564,0
10565,3
10566,3
10567,3
10568,3
10569,3
10570,3
10571,3
10572,3
10573,3
10574,3
10575,3
10576,3
10577,2
10578,2
10579,2
10580,2
10581,2
10582,2
10583,2
10584,2
10585,2
10586,2
10587,2
10588,2
10589,2
10590,2
10591,2
10592,2
10593,6
10594,6
10595,6
10596,6
10597,6
10598,6
10599,6
10600,6
10601,6
10602,6
10603,6
10604,6
10605,6
10606,6
10607,6
10608,6
10609,6
10610,5
10611,5
10612,5
10613,5
10614,5
10615,4
10616,4
10617,4
10618,4
10619,4
10620,4
10621,4
10622,4
10623,3
10624,3
10625,3
10626,2
10627,2
10628,2
10629,2
10630,2
10631,2
10632,2
10633,2
10634,2
10635,2
10636,2
10637,2
10638,2
10639,2
10640,2
10641,2
10642,2
10643,2
10644,2
10645,2
10646,2
10647,2
10648,2
10649,2
10650,2
10651,2
10652,2
10653,2
10654,2
10655,2
10656,2
10657,2
10658,2
10659,2
10660,2
10661,2
10662,2
10663,2
10664,2
10665,2
10666,2
10667,2
10668,2
10669,2
10670,2
10671,2
10672,2
10673,2
10674,2
10675,2
10676,2
10677,2
10678,2
10679,2
10680,2
10681,2
10682,2
10683,2
10684,2
10685,2
10686,2
10687,2
10688,2
10689,2
10690,2
10691,2
10692,2
10693,2
10694,2
10695,1
10696,1
10697,1
10698,1
10699,1
10700,1
10701,1
10702,1
10703,1
10704,0
10705,0
10706,0
10707,0
10708,0
10709,0
10710,0
10711,0
10712,0
10713,0
10714,0
10715,0
10716,0
10717,0
10718,0
10719,0
10720,0
10721,0
10722,0
10723,0
10724,0
10725,0
10726,0
10727,0
10728,0
10729,0
10730,0
10731,0
10732,0
10733,0
10734,0
10735,0
10736,0
10737,0
10738,0
10739,0
10740,0
10741,0
10742,0
10743,0
10744,0
10745,0
10746,0
10747,0
10748,0
10749,0
10750,0
10751,0
10752,0
10753,0
10754,0
10755,0
10756,0
10757,0
10758,0
10759,0
10760,0
10761,0
10762,0
10763,0
10764,0
10765,0
10766,0
10767,0
10768,0
10769,0
10770,0
10771,0
10772,0
10773,0
10774,0
10775,0
10776,0
10777,0
10778,0
10779,0
10780,0
10781,0
10782,0
10783,0
10784,0
10785,0
10786,0
10787,0
10788,0
10789,0
10790,0
10791,0
10792,0
10793,0
10794,0
10795,0
10796,0
10797,0
10798,0
10799,0
