,NCustomers
0,0
1,0
2,0
3,0
4,0
5,0
6,0
7,0
8,0
9,0
10,0
11,0
12,0
13,0
14,0
15,0
16,0
17,0
18,0
19,0
20,0
21,0
22,0
23,0
24,0
25,0
26,0
27,0
28,0
29,0
30,0
31,0
32,0
33,0
34,0
35,0
36,0
37,0
38,0
39,0
40,0
41,0
42,0
43,0
44,0
45,0
46,0
47,0
48,0
49,0
50,0
51,0
52,0
53,0
54,0
55,0
56,0
57,0
58,0
59,0
60,0
61,0
62,0
63,0
64,0
65,0
66,0
67,0
68,0
69,0
70,0
71,0
72,0
73,0
74,0
75,0
76,0
77,0
78,0
79,0
80,0
81,0
82,0
83,0
84,0
85,0
86,0
87,0
88,0
89,0
90,0
91,0
92,0
93,0
94,0
95,0
96,0
97,0
98,0
99,0
100,0
101,0
102,0
103,0
104,0
105,0
106,0
107,0
108,0
109,1
110,1
111,1
112,1
113,1
114,2
115,2
116,2
117,2
118,2
119,2
120,2
121,2
122,2
123,2
124,2
125,2
126,2
127,2
128,2
129,2
130,2
131,2
132,2
133,2
134,2
135,2
136,2
137,2
138,2
139,2
140,2
141,2
142,2
143,2
144,2
145,2
146,2
147,2
148,2
149,2
150,2
151,2
152,2
153,2
154,2
155,2
156,2
157,2
158,2
159,2
160,2
161,2
162,2
163,2
164,2
165,2
166,2
167,2
168,2
169,2
170,2
171,2
172,2
173,2
174,2
175,2
176,2
177,2
178,2
179,2
180,2
181,2
182,2
183,2
184,2
185,2
186,2
187,2
188,2
189,2
190,2
191,2
192,2
193,1
194,1
195,1
196,1
197,1
198,1
199,1
200,1
201,1
202,1
203,1
204,1
205,1
206,1
207,1
208,1
209,1
210,1
211,1
212,1
213,1
214,1
215,1
216,1
217,1
218,1
219,1
220,1
221,1
222,1
223,1
224,1
225,1
226,1
227,1
228,1
229,1
230,1
231,1
232,1
233,1
234,1
235,1
236,1
237,1
238,1
239,1
240,1
241,1
242,1
243,1
244,1
245,1
246,1
247,1
248,1
249,1
250,1
251,1
252,1
253,1
254,1
255,1
256,1
257,1
258,1
259,1
260,1
261,1
262,1
263,1
264,2
265,2
266,2
267,2
268,2
269,2
270,2
271,2
272,2
273,2
274,2
275,1
276,1
277,1
278,1
279,1
280,1
281,1
282,1
283,1
284,1
285,1
286,1
287,1
288,1
289,1
290,1
291,1
292,1
293,1
294,1
295,1
296,1
297,1
298,1
299,1
300,1
301,1
302,1
303,1
304,1
305,1
306,1
307,1
308,1
309,1
310,1
311,1
312,1
313,1
314,1
315,1
316,1
317,1
318,1
319,1
320,1
321,1
322,1
323,1
324,1
325,1
326,1
327,1
328,1
329,2
330,2
331,2
332,2
333,2
334,2
335,2
336,2
337,2
338,2
339,2
340,2
341,2
342,2
343,2
344,2
345,2
346,2
347,2
348,2
349,2
350,2
351,2
352,2
353,2
354,2
355,2
356,2
357,2
358,2
359,2
360,2
361,3
362,3
363,3
364,3
365,3
366,3
367,3
368,3
369,3
370,3
371,3
372,3
373,3
374,3
375,3
376,3
377,3
378,3
379,3
380,3
381,3
382,3
383,3
384,3
385,3
386,3
387,3
388,3
389,3
390,3
391,3
392,3
393,3
394,3
395,3
396,4
397,4
398,4
399,4
400,4
401,4
402,4
403,4
404,4
405,4
406,4
407,4
408,4
409,4
410,4
411,4
412,4
413,4
414,4
415,4
416,4
417,5
418,5
419,5
420,5
421,5
422,5
423,5
424,5
425,5
426,5
427,5
428,5
429,5
430,5
431,5
432,5
433,5
434,5
435,5
436,5
437,5
438,5
439,5
440,5
441,5
442,5
443,5
444,5
445,5
446,5
447,5
448,5
449,6
450,6
451,6
452,6
453,6
454,6
455,6
456,6
457,6
458,5
459,5
460,5
461,5
462,5
463,5
464,5
465,5
466,5
467,5
468,5
469,5
470,5
471,5
472,5
473,6
474,6
475,6
476,6
477,6
478,6
479,6
480,6
481,6
482,6
483,6
484,6
485,6
486,6
487,6
488,6
489,6
490,6
491,6
492,6
493,6
494,6
495,6
496,6
497,6
498,6
499,6
500,6
501,6
502,6
503,6
504,6
505,5
506,5
507,5
508,5
509,5
510,5
511,5
512,5
513,5
514,5
515,5
516,5
517,5
518,5
519,5
520,5
521,5
522,4
523,4
524,4
525,4
526,4
527,4
528,4
529,4
530,4
531,4
532,4
533,4
534,4
535,4
536,4
537,4
538,4
539,4
540,4
541,4
542,4
543,4
544,5
545,5
546,5
547,5
548,5
549,5
550,4
551,4
552,4
553,4
554,4
555,4
556,3
557,3
558,3
559,3
560,3
561,3
562,3
563,3
564,3
565,3
566,3
567,3
568,3
569,3
570,3
571,3
572,3
573,3
574,3
575,3
576,3
577,3
578,3
579,3
580,3
581,3
582,3
583,2
584,2
585,2
586,2
587,2
588,2
589,2
590,2
591,2
592,2
593,2
594,2
595,2
596,2
597,2
598,2
599,2
600,2
601,2
602,2
603,2
604,2
605,2
606,2
607,2
608,2
609,2
610,2
611,2
612,2
613,2
614,2
615,2
616,2
617,2
618,2
619,2
620,2
621,3
622,3
623,3
624,3
625,3
626,3
627,3
628,3
629,3
630,3
631,3
632,3
633,3
634,3
635,3
636,3
637,3
638,3
639,3
640,3
641,3
642,3
643,3
644,4
645,4
646,4
647,4
648,4
649,4
650,4
651,4
652,4
653,4
654,4
655,4
656,4
657,4
658,4
659,4
660,4
661,4
662,4
663,4
664,4
665,4
666,4
667,4
668,3
669,3
670,3
671,3
672,3
673,3
674,3
675,3
676,3
677,3
678,4
679,5
680,5
681,5
682,5
683,5
684,5
685,5
686,6
687,6
688,6
689,6
690,6
691,6
692,6
693,7
694,7
695,7
696,7
697,7
698,7
699,7
700,7
701,7
702,7
703,7
704,7
705,7
706,7
707,7
708,7
709,7
710,7
711,7
712,7
713,6
714,6
715,6
716,6
717,6
718,6
719,6
720,6
721,6
722,6
723,6
724,6
725,6
726,6
727,6
728,6
729,7
730,7
731,7
732,7
733,7
734,7
735,7
736,7
737,7
738,7
739,7
740,7
741,7
742,7
743,7
744,7
745,7
746,7
747,7
748,7
749,7
750,7
751,7
752,7
753,7
754,7
755,7
756,7
757,7
758,7
759,7
760,7
761,7
762,7
763,7
764,7
765,7
766,7
767,7
768,7
769,7
770,7
771,7
772,7
773,7
774,7
775,7
776,7
777,7
778,7
779,7
780,7
781,7
782,6
783,6
784,6
785,6
786,6
787,6
788,6
789,6
790,6
791,6
792,6
793,6
794,6
795,6
796,6
797,5
798,5
799,5
800,5
801,5
802,5
803,5
804,6
805,6
806,6
807,6
808,6
809,6
810,6
811,6
812,6
813,6
814,5
815,5
816,5
817,5
818,5
819,5
820,5
821,5
822,5
823,5
824,5
825,5
826,5
827,5
828,5
829,5
830,5
831,5
832,5
833,5
834,5
835,5
836,5
837,5
838,5
839,5
840,5
841,4
842,4
843,4
844,3
845,3
846,3
847,3
848,3
849,3
850,3
851,3
852,3
853,3
854,3
855,3
856,3
857,3
858,3
859,3
860,3
861,3
862,3
863,2
864,2
865,2
866,2
867,2
868,2
869,2
870,2
871,2
872,2
873,2
874,2
875,2
876,2
877,2
878,2
879,1
880,1
881,1
882,1
883,1
884,1
885,1
886,1
887,1
888,2
889,2
890,2
891,2
892,2
893,2
894,2
895,2
896,3
897,3
898,3
899,3
900,4
901,4
902,4
903,4
904,4
905,4
906,4
907,4
908,4
909,4
910,4
911,4
912,4
913,4
914,4
915,4
916,4
917,4
918,4
919,4
920,4
921,4
922,4
923,4
924,4
925,4
926,4
927,4
928,4
929,4
930,4
931,4
932,4
933,4
934,4
935,4
936,4
937,4
938,4
939,4
940,4
941,4
942,4
943,4
944,4
945,4
946,4
947,4
948,4
949,4
950,4
951,4
952,4
953,5
954,5
955,5
956,5
957,5
958,5
959,5
960,5
961,5
962,5
963,5
964,5
965,5
966,4
967,4
968,4
969,4
970,4
971,4
972,4
973,4
974,4
975,4
976,4
977,4
978,4
979,4
980,4
981,4
982,4
983,4
984,4
985,4
986,4
987,4
988,4
989,4
990,4
991,4
992,4
993,4
994,3
995,3
996,3
997,3
998,3
999,3
1000,3
1001,3
1002,3
1003,3
1004,3
1005,3
1006,3
1007,3
1008,3
1009,3
1010,2
1011,2
1012,2
1013,2
1014,2
1015,2
1016,2
1017,2
1018,2
1019,2
1020,2
1021,2
1022,2
1023,2
1024,2
1025,2
1026,2
1027,2
1028,2
1029,2
1030,2
1031,2
1032,2
1033,2
1034,2
1035,2
1036,2
1037,2
1038,2
1039,2
1040,2
1041,2
1042,2
1043,2
1044,2
1045,2
1046,2
1047,2
1048,2
1049,2
1050,2
1051,2
1052,2
1053,2
1054,2
1055,2
1056,2
1057,2
1058,2
1059,2
1060,2
1061,2
1062,2
1063,2
1064,2
1065,2
1066,2
1067,2
1068,2
1069,2
1070,2
1071,2
1072,2
1073,2
1074,2
1075,2
1076,2
1077,2
1078,2
1079,2
1080,2
1081,2
1082,2
1083,1
1084,1
1085,1
1086,1
1087,1
1088,1
1089,1
1090,1
1091,1
1092,1
1093,1
1094,1
1095,1
1096,1
1097,1
1098,1
1099,2
1100,2
1101,2
1102,2
1103,2
1104,2
1105,2
1106,2
1107,3
1108,3
1109,4
1110,4
1111,4
1112,4
1113,4
1114,4
1115,4
1116,4
1117,4
1118,4
1119,4
1120,4
1121,4
1122,4
1123,4
1124,4
1125,4
1126,4
1127,4
1128,4
1129,4
1130,4
1131,4
1132,3
1133,3
1134,3
1135,3
1136,3
1137,3
1138,3
1139,3
1140,3
1141,3
1142,3
1143,3
1144,3
1145,3
1146,3
1147,3
1148,3
1149,3
1150,3
1151,3
1152,3
1153,3
1154,3
1155,3
1156,3
1157,3
1158,3
1159,3
1160,3
1161,3
1162,3
1163,3
1164,3
1165,3
1166,3
1167,3
1168,3
1169,3
1170,3
1171,3
1172,3
1173,3
1174,3
1175,3
1176,3
1177,3
1178,3
1179,3
1180,3
1181,3
1182,3
1183,3
1184,3
1185,3
1186,3
1187,3
1188,3
1189,3
1190,3
1191,3
1192,3
1193,3
1194,3
1195,3
1196,3
1197,3
1198,3
1199,3
1200,3
1201,3
1202,3
1203,3
1204,3
1205,3
1206,3
1207,3
1208,2
1209,2
1210,2
1211,2
1212,2
1213,2
1214,2
1215,2
1216,2
1217,2
1218,2
1219,2
1220,2
1221,2
1222,2
1223,2
1224,2
1225,2
1226,1
1227,1
1228,1
1229,1
1230,1
1231,1
1232,1
1233,1
1234,1
1235,1
1236,1
1237,1
1238,1
1239,1
1240,1
1241,1
1242,1
1243,1
1244,1
1245,1
1246,1
1247,1
1248,1
1249,1
1250,1
1251,1
1252,1
1253,1
1254,1
1255,1
1256,1
1257,1
1258,1
1259,1
1260,1
1261,1
1262,1
1263,1
1264,1
1265,1
1266,1
1267,1
1268,1
1269,1
1270,1
1271,1
1272,1
1273,1
1274,1
1275,1
1276,1
1277,1
1278,1
1279,1
1280,1
1281,1
1282,1
1283,2
1284,3
1285,3
1286,3
1287,3
1288,3
1289,3
1290,3
1291,3
1292,3
1293,3
1294,3
1295,3
1296,3
1297,3
1298,3
1299,3
1300,3
1301,3
1302,3
1303,3
1304,3
1305,3
1306,3
1307,3
1308,3
1309,3
1310,3
1311,3
1312,3
1313,3
1314,2
1315,2
1316,2
1317,2
1318,2
1319,2
1320,2
1321,2
1322,2
1323,2
1324,2
1325,2
1326,2
1327,2
1328,2
1329,2
1330,2
1331,2
1332,2
1333,2
1334,2
1335,2
1336,2
1337,2
1338,2
1339,2
1340,2
1341,3
1342,3
1343,3
1344,3
1345,3
1346,3
1347,3
1348,3
1349,3
1350,3
1351,3
1352,3
1353,3
1354,3
1355,3
1356,3
1357,3
1358,3
1359,3
1360,3
1361,3
1362,3
1363,3
1364,3
1365,3
1366,3
1367,3
1368,3
1369,3
1370,3
1371,3
1372,3
1373,3
1374,3
1375,3
1376,3
1377,3
1378,3
1379,3
1380,3
1381,3
1382,3
1383,3
1384,3
1385,3
1386,3
1387,3
1388,3
1389,3
1390,3
1391,3
1392,3
1393,3
1394,4
1395,4
1396,4
1397,4
1398,4
1399,5
1400,5
1401,5
1402,5
1403,5
1404,5
1405,5
1406,5
1407,5
1408,5
1409,5
1410,5
1411,5
1412,5
1413,5
1414,5
1415,5
1416,5
1417,5
1418,5
1419,5
1420,5
1421,5
1422,5
1423,5
1424,5
1425,5
1426,4
1427,4
1428,4
1429,4
1430,4
1431,4
1432,4
1433,4
1434,4
1435,4
1436,4
1437,4
1438,4
1439,4
1440,4
1441,4
1442,4
1443,4
1444,4
1445,4
1446,4
1447,4
1448,4
1449,4
1450,4
1451,4
1452,3
1453,2
1454,2
1455,2
1456,2
1457,2
1458,2
1459,2
1460,2
1461,2
1462,2
1463,2
1464,3
1465,3
1466,3
1467,3
1468,3
1469,3
1470,3
1471,4
1472,4
1473,4
1474,4
1475,4
1476,4
1477,4
1478,4
1479,4
1480,4
1481,4
1482,4
1483,4
1484,4
1485,4
1486,4
1487,4
1488,4
1489,4
1490,4
1491,4
1492,4
1493,4
1494,4
1495,4
1496,4
1497,4
1498,4
1499,4
1500,4
1501,4
1502,4
1503,4
1504,4
1505,4
1506,4
1507,4
1508,4
1509,4
1510,4
1511,4
1512,4
1513,4
1514,4
1515,4
1516,4
1517,4
1518,4
1519,4
1520,4
1521,4
1522,4
1523,4
1524,4
1525,4
1526,4
1527,4
1528,4
1529,4
1530,4
1531,4
1532,4
1533,4
1534,4
1535,4
1536,3
1537,3
1538,3
1539,3
1540,3
1541,3
1542,3
1543,3
1544,3
1545,3
1546,3
1547,3
1548,3
1549,3
1550,3
1551,3
1552,3
1553,3
1554,3
1555,3
1556,3
1557,3
1558,4
1559,4
1560,4
1561,4
1562,4
1563,4
1564,4
1565,4
1566,4
1567,4
1568,4
1569,4
1570,4
1571,4
1572,4
1573,4
1574,4
1575,4
1576,5
1577,5
1578,5
1579,5
1580,5
1581,5
1582,5
1583,5
1584,5
1585,5
1586,5
1587,5
1588,5
1589,5
1590,5
1591,5
1592,5
1593,5
1594,5
1595,5
1596,5
1597,5
1598,5
1599,5
1600,5
1601,5
1602,5
1603,5
1604,5
1605,5
1606,5
1607,5
1608,5
1609,5
1610,5
1611,5
1612,5
1613,5
1614,5
1615,5
1616,5
1617,5
1618,5
1619,6
1620,6
1621,6
1622,6
1623,6
1624,6
1625,6
1626,6
1627,6
1628,6
1629,6
1630,6
1631,6
1632,6
1633,6
1634,6
1635,6
1636,6
1637,6
1638,6
1639,6
1640,6
1641,6
1642,6
1643,6
1644,6
1645,6
1646,6
1647,6
1648,6
1649,6
1650,6
1651,6
1652,6
1653,6
1654,6
1655,6
1656,6
1657,6
1658,6
1659,7
1660,7
1661,7
1662,7
1663,7
1664,7
1665,8
1666,8
1667,8
1668,8
1669,8
1670,8
1671,8
1672,9
1673,9
1674,9
1675,9
1676,9
1677,9
1678,9
1679,9
1680,9
1681,9
1682,9
1683,9
1684,9
1685,9
1686,9
1687,9
1688,9
1689,9
1690,9
1691,9
1692,9
1693,9
1694,9
1695,10
1696,10
1697,10
1698,10
1699,10
1700,10
1701,10
1702,10
1703,10
1704,10
1705,10
1706,10
1707,11
1708,11
1709,11
1710,11
1711,11
1712,11
1713,10
1714,10
1715,10
1716,10
1717,10
1718,10
1719,10
1720,10
1721,10
1722,10
1723,9
1724,9
1725,9
1726,9
1727,9
1728,9
1729,9
1730,9
1731,9
1732,9
1733,8
1734,8
1735,8
1736,8
1737,8
1738,8
1739,8
1740,8
1741,8
1742,8
1743,8
1744,8
1745,8
1746,8
1747,8
1748,8
1749,8
1750,8
1751,8
1752,8
1753,8
1754,8
1755,7
1756,7
1757,7
1758,7
1759,8
1760,8
1761,8
1762,8
1763,8
1764,8
1765,8
1766,8
1767,9
1768,9
1769,9
1770,9
1771,10
1772,10
1773,10
1774,10
1775,10
1776,10
1777,10
1778,10
1779,10
1780,10
1781,10
1782,10
1783,11
1784,11
1785,12
1786,12
1787,12
1788,12
1789,12
1790,12
1791,12
1792,12
1793,11
1794,11
1795,11
1796,11
1797,11
1798,11
1799,11
1800,11
1801,11
1802,11
1803,11
1804,11
1805,11
1806,11
1807,11
1808,11
1809,11
1810,11
1811,11
1812,11
1813,11
1814,11
1815,11
1816,10
1817,10
1818,10
1819,10
1820,10
1821,10
1822,10
1823,10
1824,10
1825,10
1826,9
1827,9
1828,9
1829,9
1830,9
1831,9
1832,8
1833,8
1834,7
1835,7
1836,7
1837,7
1838,7
1839,8
1840,8
1841,8
1842,8
1843,8
1844,7
1845,7
1846,7
1847,7
1848,7
1849,7
1850,7
1851,7
1852,8
1853,8
1854,8
1855,8
1856,8
1857,8
1858,8
1859,9
1860,9
1861,9
1862,9
1863,9
1864,9
1865,9
1866,9
1867,9
1868,9
1869,9
1870,9
1871,8
1872,8
1873,8
1874,8
1875,8
1876,8
1877,8
1878,8
1879,8
1880,8
1881,9
1882,9
1883,9
1884,9
1885,9
1886,9
1887,9
1888,9
1889,9
1890,9
1891,9
1892,8
1893,8
1894,8
1895,8
1896,8
1897,8
1898,8
1899,8
1900,8
1901,8
1902,8
1903,8
1904,8
1905,8
1906,8
1907,8
1908,8
1909,8
1910,8
1911,8
1912,8
1913,8
1914,8
1915,8
1916,8
1917,8
1918,8
1919,9
1920,9
1921,9
1922,9
1923,9
1924,9
1925,9
1926,9
1927,10
1928,10
1929,10
1930,10
1931,10
1932,10
1933,10
1934,10
1935,10
1936,10
1937,9
1938,9
1939,9
1940,9
1941,9
1942,9
1943,9
1944,9
1945,9
1946,9
1947,9
1948,9
1949,9
1950,9
1951,9
1952,9
1953,9
1954,9
1955,9
1956,9
1957,9
1958,9
1959,9
1960,9
1961,9
1962,9
1963,9
1964,9
1965,9
1966,9
1967,9
1968,9
1969,8
1970,8
1971,8
1972,7
1973,7
1974,7
1975,7
1976,7
1977,7
1978,7
1979,7
1980,7
1981,7
1982,7
1983,7
1984,7
1985,5
1986,5
1987,5
1988,5
1989,5
1990,5
1991,6
1992,6
1993,6
1994,6
1995,6
1996,6
1997,6
1998,6
1999,6
2000,6
2001,6
2002,6
2003,6
2004,6
2005,6
2006,6
2007,6
2008,6
2009,6
2010,6
2011,6
2012,6
2013,6
2014,6
2015,6
2016,6
2017,6
2018,6
2019,6
2020,6
2021,6
2022,6
2023,6
2024,6
2025,6
2026,6
2027,7
2028,7
2029,7
2030,7
2031,7
2032,7
2033,7
2034,7
2035,7
2036,7
2037,7
2038,7
2039,7
2040,7
2041,7
2042,7
2043,7
2044,7
2045,7
2046,7
2047,8
2048,8
2049,8
2050,8
2051,8
2052,8
2053,8
2054,9
2055,9
2056,9
2057,9
2058,9
2059,8
2060,8
2061,8
2062,7
2063,7
2064,7
2065,7
2066,7
2067,7
2068,8
2069,9
2070,9
2071,9
2072,9
2073,9
2074,9
2075,9
2076,9
2077,10
2078,10
2079,10
2080,10
2081,10
2082,10
2083,10
2084,10
2085,10
2086,10
2087,10
2088,10
2089,10
2090,10
2091,9
2092,9
2093,9
2094,9
2095,9
2096,9
2097,9
2098,9
2099,9
2100,8
2101,8
2102,9
2103,9
2104,9
2105,9
2106,9
2107,9
2108,9
2109,9
2110,9
2111,8
2112,8
2113,8
2114,8
2115,8
2116,8
2117,8
2118,8
2119,8
2120,8
2121,8
2122,8
2123,7
2124,7
2125,7
2126,7
2127,7
2128,7
2129,7
2130,8
2131,8
2132,9
2133,9
2134,9
2135,9
2136,9
2137,9
2138,9
2139,10
2140,10
2141,10
2142,10
2143,10
2144,10
2145,10
2146,10
2147,10
2148,10
2149,10
2150,10
2151,10
2152,10
2153,10
2154,10
2155,10
2156,10
2157,10
2158,10
2159,10
2160,10
2161,10
2162,10
2163,11
2164,11
2165,11
2166,11
2167,11
2168,11
2169,11
2170,11
2171,11
2172,11
2173,11
2174,11
2175,11
2176,11
2177,11
2178,11
2179,11
2180,11
2181,11
2182,11
2183,11
2184,10
2185,10
2186,10
2187,10
2188,10
2189,10
2190,10
2191,10
2192,10
2193,10
2194,10
2195,10
2196,10
2197,10
2198,10
2199,10
2200,11
2201,11
2202,11
2203,11
2204,11
2205,11
2206,11
2207,12
2208,12
2209,12
2210,12
2211,12
2212,12
2213,12
2214,12
2215,12
2216,12
2217,12
2218,12
2219,12
2220,12
2221,12
2222,12
2223,12
2224,12
2225,11
2226,11
2227,10
2228,10
2229,10
2230,10
2231,10
2232,10
2233,10
2234,10
2235,10
2236,10
2237,10
2238,11
2239,11
2240,11
2241,10
2242,10
2243,10
2244,10
2245,10
2246,10
2247,10
2248,10
2249,11
2250,11
2251,11
2252,11
2253,11
2254,11
2255,11
2256,11
2257,11
2258,11
2259,11
2260,11
2261,11
2262,11
2263,11
2264,11
2265,11
2266,11
2267,11
2268,11
2269,11
2270,11
2271,10
2272,10
2273,10
2274,10
2275,10
2276,10
2277,11
2278,12
2279,12
2280,12
2281,12
2282,13
2283,12
2284,12
2285,12
2286,12
2287,11
2288,11
2289,11
2290,11
2291,11
2292,11
2293,10
2294,10
2295,10
2296,10
2297,10
2298,10
2299,10
2300,10
2301,10
2302,10
2303,11
2304,11
2305,11
2306,11
2307,11
2308,11
2309,11
2310,11
2311,11
2312,11
2313,10
2314,10
2315,10
2316,10
2317,10
2318,10
2319,10
2320,10
2321,10
2322,10
2323,10
2324,10
2325,10
2326,10
2327,10
2328,10
2329,10
2330,10
2331,10
2332,10
2333,10
2334,10
2335,10
2336,10
2337,9
2338,9
2339,9
2340,9
2341,9
2342,8
2343,8
2344,8
2345,8
2346,9
2347,9
2348,9
2349,9
2350,9
2351,9
2352,9
2353,9
2354,9
2355,9
2356,9
2357,9
2358,10
2359,10
2360,10
2361,11
2362,11
2363,11
2364,11
2365,12
2366,12
2367,12
2368,12
2369,12
2370,12
2371,12
2372,11
2373,11
2374,11
2375,11
2376,11
2377,11
2378,10
2379,10
2380,10
2381,10
2382,10
2383,9
2384,9
2385,9
2386,9
2387,9
2388,9
2389,9
2390,9
2391,9
2392,9
2393,8
2394,8
2395,8
2396,8
2397,8
2398,8
2399,8
2400,8
2401,8
2402,8
2403,8
2404,7
2405,6
2406,6
2407,6
2408,6
2409,6
2410,6
2411,6
2412,6
2413,6
2414,7
2415,7
2416,7
2417,7
2418,7
2419,7
2420,8
2421,7
2422,7
2423,7
2424,7
2425,7
2426,7
2427,8
2428,8
2429,8
2430,8
2431,8
2432,8
2433,8
2434,8
2435,8
2436,8
2437,8
2438,7
2439,7
2440,7
2441,7
2442,7
2443,7
2444,7
2445,8
2446,8
2447,8
2448,8
2449,8
2450,8
2451,8
2452,8
2453,8
2454,8
2455,8
2456,8
2457,8
2458,8
2459,8
2460,8
2461,8
2462,8
2463,8
2464,8
2465,8
2466,8
2467,8
2468,8
2469,9
2470,9
2471,9
2472,9
2473,8
2474,8
2475,8
2476,8
2477,8
2478,8
2479,8
2480,8
2481,8
2482,8
2483,8
2484,8
2485,8
2486,8
2487,8
2488,8
2489,8
2490,8
2491,8
2492,8
2493,8
2494,8
2495,8
2496,8
2497,8
2498,8
2499,9
2500,9
2501,9
2502,9
2503,9
2504,9
2505,9
2506,9
2507,9
2508,9
2509,10
2510,10
2511,10
2512,10
2513,10
2514,10
2515,10
2516,10
2517,10
2518,10
2519,10
2520,10
2521,10
2522,10
2523,10
2524,10
2525,10
2526,10
2527,10
2528,10
2529,10
2530,10
2531,11
2532,11
2533,11
2534,11
2535,11
2536,11
2537,11
2538,11
2539,10
2540,10
2541,10
2542,10
2543,10
2544,10
2545,10
2546,10
2547,10
2548,10
2549,10
2550,10
2551,10
2552,10
2553,10
2554,10
2555,10
2556,9
2557,9
2558,9
2559,8
2560,7
2561,7
2562,7
2563,7
2564,7
2565,7
2566,7
2567,7
2568,7
2569,7
2570,7
2571,7
2572,7
2573,7
2574,7
2575,7
2576,7
2577,7
2578,7
2579,7
2580,7
2581,7
2582,7
2583,7
2584,7
2585,7
2586,7
2587,7
2588,7
2589,7
2590,7
2591,7
2592,7
2593,7
2594,7
2595,7
2596,7
2597,7
2598,7
2599,8
2600,8
2601,8
2602,8
2603,8
2604,7
2605,7
2606,7
2607,7
2608,7
2609,7
2610,7
2611,7
2612,7
2613,7
2614,6
2615,5
2616,5
2617,5
2618,5
2619,5
2620,6
2621,6
2622,6
2623,6
2624,6
2625,6
2626,7
2627,7
2628,7
2629,7
2630,7
2631,7
2632,7
2633,7
2634,7
2635,7
2636,7
2637,7
2638,7
2639,7
2640,7
2641,7
2642,7
2643,7
2644,7
2645,7
2646,8
2647,8
2648,8
2649,8
2650,8
2651,7
2652,7
2653,7
2654,7
2655,7
2656,7
2657,7
2658,7
2659,7
2660,7
2661,6
2662,6
2663,6
2664,6
2665,6
2666,6
2667,6
2668,6
2669,7
2670,7
2671,7
2672,7
2673,7
2674,7
2675,6
2676,6
2677,6
2678,6
2679,6
2680,6
2681,6
2682,6
2683,6
2684,6
2685,6
2686,6
2687,6
2688,6
2689,6
2690,6
2691,6
2692,6
2693,6
2694,5
2695,5
2696,5
2697,5
2698,5
2699,5
2700,5
2701,5
2702,5
2703,5
2704,5
2705,5
2706,5
2707,5
2708,5
2709,5
2710,5
2711,5
2712,6
2713,6
2714,6
2715,6
2716,6
2717,6
2718,6
2719,6
2720,6
2721,6
2722,6
2723,6
2724,6
2725,6
2726,6
2727,6
2728,6
2729,6
2730,6
2731,6
2732,6
2733,6
2734,6
2735,6
2736,6
2737,6
2738,6
2739,6
2740,6
2741,6
2742,6
2743,5
2744,5
2745,5
2746,5
2747,5
2748,5
2749,5
2750,5
2751,5
2752,5
2753,5
2754,5
2755,5
2756,5
2757,6
2758,6
2759,6
2760,6
2761,6
2762,6
2763,6
2764,6
2765,6
2766,6
2767,6
2768,6
2769,6
2770,6
2771,6
2772,6
2773,6
2774,6
2775,6
2776,6
2777,6
2778,6
2779,6
2780,6
2781,6
2782,6
2783,6
2784,7
2785,7
2786,7
2787,7
2788,7
2789,6
2790,6
2791,6
2792,6
2793,6
2794,6
2795,7
2796,7
2797,7
2798,7
2799,7
2800,7
2801,7
2802,7
2803,7
2804,7
2805,7
2806,6
2807,6
2808,6
2809,6
2810,6
2811,6
2812,6
2813,6
2814,6
2815,7
2816,7
2817,7
2818,7
2819,7
2820,7
2821,7
2822,7
2823,7
2824,7
2825,7
2826,7
2827,7
2828,7
2829,7
2830,8
2831,8
2832,8
2833,8
2834,8
2835,8
2836,8
2837,9
2838,9
2839,8
2840,8
2841,8
2842,8
2843,8
2844,8
2845,7
2846,7
2847,7
2848,7
2849,7
2850,7
2851,7
2852,7
2853,7
2854,7
2855,7
2856,7
2857,7
2858,7
2859,7
2860,7
2861,7
2862,7
2863,7
2864,7
2865,7
2866,7
2867,7
2868,7
2869,7
2870,7
2871,7
2872,7
2873,7
2874,7
2875,7
2876,7
2877,7
2878,7
2879,7
2880,7
2881,7
2882,7
2883,7
2884,7
2885,8
2886,8
2887,8
2888,8
2889,8
2890,8
2891,8
2892,8
2893,8
2894,8
2895,8
2896,8
2897,8
2898,8
2899,8
2900,8
2901,8
2902,8
2903,8
2904,8
2905,8
2906,8
2907,8
2908,8
2909,8
2910,8
2911,7
2912,8
2913,8
2914,8
2915,8
2916,8
2917,9
2918,9
2919,9
2920,9
2921,9
2922,9
2923,10
2924,10
2925,10
2926,10
2927,10
2928,10
2929,10
2930,10
2931,10
2932,10
2933,10
2934,10
2935,10
2936,10
2937,10
2938,10
2939,10
2940,10
2941,10
2942,9
2943,9
2944,9
2945,9
2946,9
2947,9
2948,9
2949,9
2950,10
2951,10
2952,10
2953,9
2954,9
2955,9
2956,9
2957,9
2958,10
2959,10
2960,10
2961,10
2962,10
2963,10
2964,10
2965,10
2966,10
2967,10
2968,10
2969,10
2970,10
2971,10
2972,10
2973,10
2974,10
2975,10
2976,10
2977,10
2978,9
2979,9
2980,9
2981,10
2982,9
2983,9
2984,9
2985,9
2986,9
2987,9
2988,9
2989,9
2990,9
2991,9
2992,9
2993,9
2994,9
2995,9
2996,10
2997,11
2998,11
2999,11
3000,12
3001,12
3002,12
3003,12
3004,12
3005,12
3006,11
3007,12
3008,12
3009,12
3010,12
3011,12
3012,12
3013,12
3014,12
3015,12
3016,12
3017,12
3018,13
3019,13
3020,13
3021,13
3022,13
3023,13
3024,13
3025,13
3026,13
3027,13
3028,13
3029,13
3030,13
3031,13
3032,13
3033,13
3034,13
3035,12
3036,12
3037,12
3038,12
3039,12
3040,12
3041,12
3042,12
3043,12
3044,12
3045,12
3046,12
3047,12
3048,12
3049,12
3050,12
3051,12
3052,12
3053,12
3054,12
3055,11
3056,11
3057,11
3058,11
3059,11
3060,10
3061,10
3062,11
3063,11
3064,11
3065,11
3066,11
3067,11
3068,11
3069,11
3070,11
3071,11
3072,11
3073,11
3074,11
3075,11
3076,11
3077,11
3078,11
3079,11
3080,10
3081,11
3082,11
3083,11
3084,11
3085,11
3086,11
3087,11
3088,11
3089,11
3090,11
3091,11
3092,11
3093,11
3094,11
3095,11
3096,11
3097,11
3098,11
3099,11
3100,11
3101,11
3102,11
3103,11
3104,11
3105,11
3106,11
3107,11
3108,10
3109,10
3110,10
3111,9
3112,10
3113,10
3114,11
3115,11
3116,11
3117,11
3118,12
3119,12
3120,12
3121,12
3122,12
3123,12
3124,12
3125,13
3126,13
3127,13
3128,13
3129,13
3130,13
3131,14
3132,14
3133,14
3134,13
3135,13
3136,12
3137,12
3138,12
3139,12
3140,12
3141,12
3142,12
3143,12
3144,12
3145,12
3146,11
3147,11
3148,11
3149,10
3150,11
3151,11
3152,11
3153,11
3154,11
3155,11
3156,11
3157,12
3158,12
3159,12
3160,12
3161,12
3162,12
3163,12
3164,12
3165,12
3166,12
3167,13
3168,13
3169,13
3170,13
3171,13
3172,13
3173,13
3174,13
3175,13
3176,14
3177,14
3178,14
3179,13
3180,13
3181,13
3182,12
3183,12
3184,12
3185,12
3186,12
3187,12
3188,12
3189,12
3190,12
3191,12
3192,12
3193,13
3194,13
3195,13
3196,13
3197,13
3198,13
3199,14
3200,14
3201,15
3202,15
3203,15
3204,15
3205,15
3206,15
3207,15
3208,15
3209,15
3210,16
3211,16
3212,16
3213,16
3214,15
3215,15
3216,15
3217,15
3218,15
3219,15
3220,15
3221,15
3222,15
3223,15
3224,15
3225,16
3226,16
3227,16
3228,15
3229,15
3230,15
3231,15
3232,15
3233,15
3234,14
3235,14
3236,14
3237,14
3238,14
3239,14
3240,14
3241,14
3242,14
3243,13
3244,13
3245,13
3246,13
3247,13
3248,13
3249,13
3250,13
3251,13
3252,13
3253,12
3254,12
3255,12
3256,12
3257,12
3258,12
3259,13
3260,13
3261,13
3262,13
3263,12
3264,12
3265,12
3266,12
3267,12
3268,12
3269,12
3270,12
3271,12
3272,12
3273,12
3274,12
3275,12
3276,12
3277,11
3278,11
3279,11
3280,11
3281,11
3282,11
3283,12
3284,12
3285,12
3286,12
3287,12
3288,12
3289,12
3290,12
3291,12
3292,12
3293,12
3294,12
3295,12
3296,12
3297,12
3298,11
3299,11
3300,11
3301,11
3302,11
3303,11
3304,10
3305,10
3306,10
3307,10
3308,10
3309,10
3310,10
3311,10
3312,10
3313,10
3314,10
3315,10
3316,9
3317,9
3318,9
3319,9
3320,9
3321,9
3322,9
3323,9
3324,9
3325,9
3326,9
3327,9
3328,9
3329,8
3330,8
3331,8
3332,8
3333,8
3334,8
3335,8
3336,8
3337,8
3338,7
3339,7
3340,7
3341,7
3342,7
3343,7
3344,7
3345,7
3346,8
3347,8
3348,8
3349,8
3350,8
3351,8
3352,8
3353,8
3354,8
3355,8
3356,8
3357,8
3358,8
3359,8
3360,8
3361,8
3362,8
3363,8
3364,8
3365,8
3366,8
3367,8
3368,8
3369,8
3370,8
3371,8
3372,8
3373,8
3374,8
3375,8
3376,7
3377,7
3378,8
3379,8
3380,8
3381,8
3382,8
3383,8
3384,8
3385,8
3386,8
3387,8
3388,8
3389,8
3390,8
3391,8
3392,8
3393,8
3394,8
3395,8
3396,7
3397,7
3398,7
3399,7
3400,7
3401,7
3402,7
3403,6
3404,6
3405,6
3406,6
3407,5
3408,6
3409,6
3410,6
3411,6
3412,6
3413,6
3414,6
3415,6
3416,6
3417,6
3418,6
3419,6
3420,6
3421,5
3422,4
3423,4
3424,5
3425,6
3426,6
3427,6
3428,6
3429,6
3430,6
3431,6
3432,6
3433,6
3434,6
3435,6
3436,6
3437,6
3438,6
3439,6
3440,6
3441,6
3442,6
3443,6
3444,6
3445,6
3446,6
3447,6
3448,5
3449,5
3450,5
3451,5
3452,5
3453,5
3454,5
3455,5
3456,5
3457,5
3458,4
3459,4
3460,4
3461,4
3462,4
3463,4
3464,4
3465,4
3466,4
3467,4
3468,4
3469,4
3470,4
3471,4
3472,4
3473,4
3474,4
3475,4
3476,4
3477,4
3478,4
3479,4
3480,4
3481,4
3482,5
3483,5
3484,5
3485,5
3486,5
3487,5
3488,5
3489,6
3490,6
3491,6
3492,6
3493,6
3494,6
3495,6
3496,6
3497,6
3498,7
3499,7
3500,7
3501,8
3502,8
3503,8
3504,8
3505,8
3506,8
3507,8
3508,8
3509,8
3510,8
3511,8
3512,8
3513,8
3514,8
3515,8
3516,9
3517,9
3518,9
3519,9
3520,9
3521,10
3522,10
3523,10
3524,10
3525,10
3526,10
3527,10
3528,10
3529,10
3530,10
3531,10
3532,10
3533,10
3534,10
3535,10
3536,10
3537,10
3538,10
3539,10
3540,10
3541,10
3542,10
3543,10
3544,10
3545,10
3546,9
3547,9
3548,9
3549,9
3550,9
3551,9
3552,9
3553,9
3554,9
3555,9
3556,9
3557,9
3558,9
3559,9
3560,9
3561,9
3562,9
3563,9
3564,9
3565,9
3566,9
3567,9
3568,9
3569,10
3570,10
3571,10
3572,9
3573,9
3574,9
3575,9
3576,9
3577,9
3578,9
3579,9
3580,9
3581,9
3582,9
3583,8
3584,8
3585,8
3586,8
3587,8
3588,8
3589,8
3590,8
3591,7
3592,7
3593,7
3594,7
3595,7
3596,7
3597,7
3598,7
3599,7
3600,7
3601,7
3602,7
3603,7
3604,7
3605,7
3606,6
3607,6
3608,6
3609,6
3610,7
3611,7
3612,7
3613,7
3614,7
3615,7
3616,7
3617,7
3618,7
3619,7
3620,7
3621,7
3622,7
3623,7
3624,7
3625,7
3626,7
3627,9
3628,9
3629,9
3630,9
3631,10
3632,10
3633,10
3634,10
3635,10
3636,10
3637,10
3638,10
3639,10
3640,10
3641,10
3642,10
3643,10
3644,10
3645,10
3646,10
3647,10
3648,10
3649,10
3650,10
3651,10
3652,9
3653,9
3654,9
3655,9
3656,9
3657,9
3658,9
3659,9
3660,9
3661,9
3662,9
3663,9
3664,9
3665,10
3666,10
3667,10
3668,10
3669,10
3670,10
3671,10
3672,10
3673,10
3674,10
3675,10
3676,10
3677,10
3678,10
3679,11
3680,11
3681,11
3682,11
3683,11
3684,11
3685,10
3686,10
3687,10
3688,10
3689,11
3690,11
3691,12
3692,12
3693,12
3694,13
3695,13
3696,13
3697,13
3698,13
3699,13
3700,13
3701,13
3702,13
3703,13
3704,12
3705,12
3706,12
3707,12
3708,12
3709,12
3710,12
3711,12
3712,12
3713,12
3714,12
3715,12
3716,12
3717,12
3718,13
3719,13
3720,13
3721,13
3722,12
3723,12
3724,12
3725,12
3726,12
3727,12
3728,12
3729,12
3730,12
3731,12
3732,12
3733,12
3734,12
3735,12
3736,12
3737,12
3738,12
3739,12
3740,12
3741,12
3742,12
3743,12
3744,12
3745,12
3746,12
3747,12
3748,12
3749,12
3750,12
3751,12
3752,12
3753,12
3754,11
3755,11
3756,11
3757,11
3758,11
3759,11
3760,11
3761,11
3762,11
3763,11
3764,11
3765,10
3766,10
3767,10
3768,10
3769,10
3770,10
3771,10
3772,10
3773,10
3774,9
3775,9
3776,8
3777,8
3778,8
3779,8
3780,8
3781,8
3782,7
3783,7
3784,8
3785,8
3786,8
3787,8
3788,8
3789,8
3790,8
3791,8
3792,8
3793,8
3794,8
3795,9
3796,9
3797,9
3798,9
3799,9
3800,9
3801,8
3802,8
3803,8
3804,8
3805,8
3806,8
3807,7
3808,7
3809,7
3810,7
3811,7
3812,7
3813,7
3814,7
3815,7
3816,7
3817,7
3818,7
3819,7
3820,6
3821,6
3822,6
3823,6
3824,6
3825,7
3826,8
3827,8
3828,8
3829,8
3830,8
3831,8
3832,8
3833,9
3834,9
3835,9
3836,9
3837,9
3838,9
3839,9
3840,9
3841,9
3842,9
3843,9
3844,9
3845,9
3846,9
3847,9
3848,9
3849,10
3850,10
3851,10
3852,10
3853,10
3854,10
3855,10
3856,10
3857,10
3858,10
3859,10
3860,9
3861,9
3862,10
3863,10
3864,10
3865,10
3866,10
3867,10
3868,10
3869,10
3870,10
3871,10
3872,10
3873,10
3874,10
3875,10
3876,10
3877,11
3878,11
3879,11
3880,11
3881,11
3882,11
3883,11
3884,11
3885,11
3886,11
3887,11
3888,11
3889,11
3890,11
3891,11
3892,11
3893,12
3894,12
3895,12
3896,13
3897,14
3898,14
3899,13
3900,13
3901,13
3902,13
3903,13
3904,13
3905,13
3906,13
3907,13
3908,13
3909,13
3910,13
3911,13
3912,13
3913,13
3914,13
3915,13
3916,13
3917,13
3918,13
3919,13
3920,13
3921,13
3922,13
3923,13
3924,13
3925,13
3926,13
3927,13
3928,13
3929,13
3930,13
3931,13
3932,13
3933,13
3934,13
3935,13
3936,13
3937,13
3938,14
3939,15
3940,16
3941,16
3942,16
3943,16
3944,16
3945,16
3946,16
3947,15
3948,15
3949,14
3950,14
3951,14
3952,14
3953,14
3954,14
3955,14
3956,14
3957,14
3958,14
3959,14
3960,14
3961,14
3962,14
3963,14
3964,14
3965,14
3966,14
3967,14
3968,14
3969,14
3970,14
3971,14
3972,14
3973,14
3974,14
3975,14
3976,14
3977,14
3978,14
3979,14
3980,14
3981,13
3982,13
3983,13
3984,13
3985,13
3986,13
3987,13
3988,13
3989,13
3990,13
3991,12
3992,12
3993,12
3994,12
3995,12
3996,12
3997,12
3998,12
3999,12
4000,12
4001,12
4002,12
4003,12
4004,11
4005,10
4006,10
4007,10
4008,10
4009,10
4010,10
4011,10
4012,10
4013,10
4014,10
4015,10
4016,10
4017,10
4018,10
4019,10
4020,10
4021,10
4022,10
4023,10
4024,11
4025,11
4026,11
4027,11
4028,11
4029,11
4030,10
4031,10
4032,10
4033,10
4034,10
4035,10
4036,11
4037,11
4038,12
4039,12
4040,12
4041,13
4042,13
4043,13
4044,13
4045,13
4046,13
4047,14
4048,14
4049,14
4050,14
4051,14
4052,14
4053,14
4054,14
4055,14
4056,13
4057,13
4058,13
4059,13
4060,13
4061,13
4062,13
4063,13
4064,13
4065,13
4066,13
4067,13
4068,13
4069,13
4070,13
4071,13
4072,13
4073,13
4074,13
4075,13
4076,12
4077,12
4078,12
4079,12
4080,12
4081,12
4082,12
4083,11
4084,11
4085,11
4086,11
4087,11
4088,11
4089,11
4090,11
4091,11
4092,11
4093,12
4094,11
4095,11
4096,10
4097,10
4098,10
4099,10
4100,10
4101,10
4102,9
4103,9
4104,9
4105,9
4106,9
4107,9
4108,9
4109,9
4110,9
4111,9
4112,9
4113,9
4114,9
4115,9
4116,9
4117,9
4118,9
4119,10
4120,10
4121,10
4122,10
4123,10
4124,12
4125,12
4126,12
4127,11
4128,11
4129,12
4130,11
4131,11
4132,12
4133,12
4134,12
4135,11
4136,11
4137,11
4138,11
4139,11
4140,11
4141,11
4142,10
4143,10
4144,10
4145,10
4146,10
4147,10
4148,10
4149,10
4150,10
4151,10
4152,10
4153,10
4154,10
4155,10
4156,10
4157,10
4158,10
4159,9
4160,9
4161,9
4162,9
4163,9
4164,9
4165,8
4166,8
4167,8
4168,8
4169,8
4170,8
4171,8
4172,8
4173,8
4174,8
4175,9
4176,9
4177,9
4178,9
4179,9
4180,9
4181,9
4182,9
4183,9
4184,9
4185,9
4186,9
4187,9
4188,9
4189,9
4190,9
4191,9
4192,9
4193,9
4194,9
4195,9
4196,9
4197,9
4198,9
4199,9
4200,9
4201,9
4202,8
4203,8
4204,8
4205,8
4206,7
4207,7
4208,7
4209,7
4210,7
4211,7
4212,7
4213,7
4214,7
4215,7
4216,7
4217,7
4218,7
4219,7
4220,7
4221,7
4222,7
4223,7
4224,7
4225,8
4226,8
4227,8
4228,8
4229,8
4230,8
4231,8
4232,8
4233,8
4234,8
4235,8
4236,9
4237,9
4238,9
4239,9
4240,9
4241,9
4242,8
4243,8
4244,8
4245,8
4246,8
4247,8
4248,8
4249,8
4250,8
4251,7
4252,7
4253,7
4254,6
4255,6
4256,6
4257,6
4258,6
4259,6
4260,6
4261,6
4262,6
4263,6
4264,6
4265,6
4266,6
4267,6
4268,6
4269,6
4270,6
4271,6
4272,6
4273,6
4274,6
4275,6
4276,6
4277,6
4278,6
4279,6
4280,6
4281,5
4282,5
4283,5
4284,5
4285,5
4286,5
4287,5
4288,5
4289,5
4290,5
4291,5
4292,5
4293,5
4294,5
4295,5
4296,5
4297,5
4298,5
4299,4
4300,4
4301,4
4302,4
4303,4
4304,4
4305,4
4306,4
4307,4
4308,4
4309,4
4310,4
4311,4
4312,4
4313,4
4314,4
4315,4
4316,4
4317,4
4318,4
4319,4
4320,4
4321,4
4322,4
4323,4
4324,4
4325,4
4326,3
4327,3
4328,3
4329,5
4330,5
4331,5
4332,5
4333,4
4334,4
4335,4
4336,4
4337,4
4338,4
4339,4
4340,4
4341,4
4342,4
4343,4
4344,5
4345,5
4346,5
4347,5
4348,4
4349,5
4350,5
4351,5
4352,5
4353,5
4354,5
4355,5
4356,5
4357,5
4358,5
4359,5
4360,5
4361,5
4362,5
4363,5
4364,5
4365,5
4366,5
4367,5
4368,5
4369,5
4370,5
4371,5
4372,5
4373,5
4374,5
4375,5
4376,5
4377,5
4378,5
4379,5
4380,5
4381,5
4382,5
4383,5
4384,5
4385,5
4386,5
4387,5
4388,5
4389,5
4390,5
4391,5
4392,5
4393,5
4394,6
4395,6
4396,6
4397,6
4398,6
4399,6
4400,6
4401,6
4402,6
4403,6
4404,6
4405,6
4406,7
4407,7
4408,8
4409,8
4410,8
4411,8
4412,8
4413,8
4414,8
4415,8
4416,8
4417,8
4418,8
4419,9
4420,9
4421,10
4422,10
4423,10
4424,10
4425,10
4426,10
4427,12
4428,12
4429,12
4430,12
4431,12
4432,12
4433,12
4434,12
4435,12
4436,12
4437,12
4438,12
4439,12
4440,12
4441,12
4442,12
4443,12
4444,12
4445,12
4446,12
4447,12
4448,12
4449,11
4450,11
4451,11
4452,11
4453,11
4454,11
4455,11
4456,12
4457,12
4458,12
4459,12
4460,12
4461,12
4462,12
4463,12
4464,12
4465,12
4466,12
4467,11
4468,11
4469,11
4470,11
4471,11
4472,11
4473,11
4474,11
4475,11
4476,11
4477,11
4478,11
4479,11
4480,11
4481,11
4482,11
4483,11
4484,11
4485,11
4486,10
4487,10
4488,10
4489,10
4490,10
4491,10
4492,10
4493,10
4494,10
4495,9
4496,9
4497,9
4498,9
4499,9
4500,9
4501,9
4502,9
4503,9
4504,9
4505,9
4506,9
4507,9
4508,9
4509,9
4510,9
4511,9
4512,8
4513,8
4514,8
4515,7
4516,7
4517,7
4518,7
4519,7
4520,7
4521,7
4522,7
4523,7
4524,7
4525,7
4526,7
4527,7
4528,7
4529,7
4530,7
4531,7
4532,8
4533,8
4534,8
4535,8
4536,8
4537,8
4538,8
4539,8
4540,7
4541,9
4542,9
4543,9
4544,9
4545,9
4546,9
4547,9
4548,9
4549,9
4550,9
4551,9
4552,9
4553,9
4554,9
4555,9
4556,9
4557,9
4558,9
4559,10
4560,10
4561,10
4562,10
4563,10
4564,10
4565,10
4566,10
4567,10
4568,10
4569,10
4570,10
4571,10
4572,10
4573,9
4574,9
4575,9
4576,9
4577,9
4578,9
4579,9
4580,8
4581,8
4582,8
4583,7
4584,7
4585,7
4586,7
4587,7
4588,7
4589,7
4590,7
4591,7
4592,7
4593,7
4594,7
4595,7
4596,7
4597,7
4598,7
4599,7
4600,7
4601,7
4602,7
4603,7
4604,7
4605,7
4606,6
4607,6
4608,6
4609,6
4610,6
4611,6
4612,6
4613,6
4614,7
4615,7
4616,7
4617,7
4618,8
4619,8
4620,8
4621,8
4622,7
4623,6
4624,6
4625,6
4626,6
4627,6
4628,6
4629,6
4630,6
4631,6
4632,6
4633,6
4634,6
4635,5
4636,5
4637,5
4638,5
4639,5
4640,5
4641,5
4642,5
4643,5
4644,5
4645,4
4646,4
4647,4
4648,4
4649,4
4650,4
4651,5
4652,5
4653,5
4654,5
4655,5
4656,6
4657,6
4658,6
4659,6
4660,6
4661,6
4662,6
4663,6
4664,7
4665,7
4666,7
4667,7
4668,7
4669,7
4670,7
4671,7
4672,7
4673,7
4674,7
4675,7
4676,7
4677,8
4678,8
4679,9
4680,9
4681,9
4682,9
4683,9
4684,9
4685,9
4686,9
4687,9
4688,9
4689,9
4690,9
4691,9
4692,9
4693,9
4694,9
4695,9
4696,9
4697,9
4698,9
4699,9
4700,9
4701,8
4702,8
4703,8
4704,8
4705,8
4706,8
4707,8
4708,7
4709,7
4710,7
4711,7
4712,7
4713,7
4714,7
4715,7
4716,7
4717,7
4718,7
4719,8
4720,8
4721,8
4722,8
4723,8
4724,8
4725,8
4726,8
4727,8
4728,7
4729,7
4730,8
4731,8
4732,8
4733,9
4734,9
4735,9
4736,9
4737,9
4738,9
4739,9
4740,9
4741,9
4742,9
4743,9
4744,10
4745,10
4746,10
4747,10
4748,10
4749,10
4750,10
4751,10
4752,10
4753,10
4754,10
4755,10
4756,10
4757,10
4758,10
4759,10
4760,10
4761,10
4762,10
4763,10
4764,10
4765,9
4766,9
4767,10
4768,10
4769,10
4770,10
4771,10
4772,10
4773,10
4774,10
4775,9
4776,9
4777,9
4778,9
4779,11
4780,11
4781,11
4782,11
4783,10
4784,10
4785,10
4786,11
4787,11
4788,11
4789,11
4790,11
4791,11
4792,12
4793,12
4794,12
4795,13
4796,13
4797,13
4798,13
4799,13
4800,13
4801,13
4802,13
4803,13
4804,13
4805,13
4806,13
4807,13
4808,13
4809,13
4810,13
4811,13
4812,13
4813,13
4814,14
4815,13
4816,13
4817,14
4818,15
4819,15
4820,15
4821,14
4822,14
4823,14
4824,14
4825,14
4826,14
4827,13
4828,13
4829,13
4830,13
4831,13
4832,13
4833,13
4834,13
4835,13
4836,14
4837,14
4838,14
4839,14
4840,14
4841,14
4842,14
4843,14
4844,15
4845,15
4846,15
4847,15
4848,15
4849,14
4850,14
4851,14
4852,14
4853,14
4854,14
4855,14
4856,14
4857,14
4858,14
4859,14
4860,14
4861,14
4862,14
4863,14
4864,14
4865,14
4866,14
4867,14
4868,14
4869,14
4870,14
4871,14
4872,14
4873,13
4874,13
4875,12
4876,12
4877,12
4878,12
4879,12
4880,12
4881,12
4882,12
4883,12
4884,12
4885,12
4886,12
4887,12
4888,12
4889,12
4890,12
4891,12
4892,12
4893,12
4894,12
4895,13
4896,13
4897,13
4898,13
4899,13
4900,12
4901,12
4902,12
4903,12
4904,12
4905,12
4906,11
4907,11
4908,11
4909,11
4910,10
4911,10
4912,10
4913,10
4914,10
4915,10
4916,10
4917,10
4918,10
4919,10
4920,10
4921,11
4922,11
4923,12
4924,11
4925,11
4926,12
4927,12
4928,12
4929,12
4930,12
4931,12
4932,12
4933,12
4934,12
4935,12
4936,11
4937,12
4938,12
4939,12
4940,12
4941,12
4942,12
4943,12
4944,12
4945,13
4946,13
4947,13
4948,13
4949,13
4950,13
4951,12
4952,12
4953,12
4954,11
4955,11
4956,11
4957,11
4958,12
4959,12
4960,12
4961,12
4962,12
4963,12
4964,12
4965,12
4966,12
4967,12
4968,12
4969,12
4970,12
4971,13
4972,13
4973,13
4974,13
4975,13
4976,13
4977,13
4978,13
4979,12
4980,12
4981,12
4982,12
4983,12
4984,12
4985,12
4986,12
4987,12
4988,12
4989,12
4990,12
4991,12
4992,13
4993,13
4994,13
4995,13
4996,13
4997,14
4998,14
4999,14
5000,14
5001,14
5002,14
5003,14
5004,14
5005,14
5006,14
5007,14
5008,14
5009,14
5010,14
5011,14
5012,14
5013,14
5014,15
5015,15
5016,15
5017,15
5018,15
5019,15
5020,15
5021,15
5022,16
5023,16
5024,16
5025,16
5026,16
5027,16
5028,15
5029,15
5030,15
5031,15
5032,15
5033,15
5034,15
5035,15
5036,16
5037,16
5038,15
5039,15
5040,15
5041,15
5042,15
5043,15
5044,15
5045,14
5046,14
5047,14
5048,14
5049,14
5050,14
5051,14
5052,14
5053,14
5054,14
5055,13
5056,13
5057,12
5058,12
5059,12
5060,12
5061,12
5062,12
5063,13
5064,13
5065,13
5066,13
5067,13
5068,13
5069,13
5070,12
5071,12
5072,12
5073,12
5074,12
5075,12
5076,12
5077,12
5078,12
5079,12
5080,12
5081,12
5082,11
5083,11
5084,11
5085,11
5086,11
5087,11
5088,11
5089,11
5090,11
5091,11
5092,11
5093,11
5094,10
5095,10
5096,10
5097,10
5098,10
5099,11
5100,11
5101,11
5102,11
5103,11
5104,11
5105,11
5106,11
5107,10
5108,10
5109,9
5110,9
5111,9
5112,9
5113,9
5114,9
5115,8
5116,9
5117,10
5118,10
5119,10
5120,10
5121,10
5122,10
5123,11
5124,11
5125,11
5126,11
5127,11
5128,10
5129,12
5130,12
5131,12
5132,12
5133,12
5134,12
5135,12
5136,12
5137,12
5138,12
5139,12
5140,12
5141,12
5142,12
5143,11
5144,11
5145,11
5146,11
5147,11
5148,11
5149,11
5150,11
5151,11
5152,11
5153,10
5154,9
5155,9
5156,9
5157,9
5158,9
5159,9
5160,9
5161,9
5162,9
5163,9
5164,9
5165,10
5166,10
5167,10
5168,9
5169,9
5170,9
5171,9
5172,9
5173,9
5174,9
5175,9
5176,8
5177,8
5178,8
5179,8
5180,8
5181,8
5182,8
5183,8
5184,8
5185,8
5186,8
5187,7
5188,7
5189,7
5190,7
5191,7
5192,7
5193,7
5194,7
5195,7
5196,7
5197,7
5198,7
5199,7
5200,7
5201,7
5202,7
5203,7
5204,7
5205,8
5206,8
5207,9
5208,9
5209,9
5210,9
5211,8
5212,8
5213,8
5214,7
5215,7
5216,7
5217,7
5218,6
5219,7
5220,7
5221,7
5222,7
5223,7
5224,7
5225,7
5226,7
5227,7
5228,7
5229,7
5230,7
5231,7
5232,7
5233,8
5234,8
5235,8
5236,8
5237,8
5238,8
5239,8
5240,8
5241,8
5242,8
5243,8
5244,8
5245,8
5246,8
5247,9
5248,9
5249,9
5250,9
5251,9
5252,9
5253,9
5254,9
5255,9
5256,10
5257,10
5258,10
5259,10
5260,10
5261,10
5262,10
5263,9
5264,9
5265,9
5266,9
5267,9
5268,9
5269,9
5270,10
5271,10
5272,10
5273,10
5274,10
5275,10
5276,10
5277,10
5278,10
5279,10
5280,10
5281,10
5282,10
5283,10
5284,10
5285,10
5286,10
5287,10
5288,10
5289,10
5290,10
5291,10
5292,10
5293,10
5294,10
5295,11
5296,11
5297,11
5298,11
5299,10
5300,10
5301,10
5302,10
5303,10
5304,10
5305,10
5306,10
5307,10
5308,10
5309,11
5310,11
5311,11
5312,12
5313,12
5314,12
5315,12
5316,12
5317,12
5318,12
5319,12
5320,11
5321,11
5322,11
5323,11
5324,11
5325,11
5326,12
5327,12
5328,12
5329,12
5330,12
5331,11
5332,11
5333,11
5334,11
5335,11
5336,11
5337,11
5338,11
5339,11
5340,11
5341,11
5342,11
5343,11
5344,11
5345,11
5346,11
5347,12
5348,12
5349,13
5350,13
5351,13
5352,12
5353,12
5354,12
5355,12
5356,12
5357,12
5358,12
5359,12
5360,12
5361,12
5362,12
5363,12
5364,11
5365,11
5366,11
5367,11
5368,11
5369,11
5370,11
5371,11
5372,11
5373,11
5374,12
5375,12
5376,12
5377,12
5378,12
5379,12
5380,12
5381,12
5382,12
5383,12
5384,12
5385,12
5386,12
5387,12
5388,12
5389,11
5390,10
5391,10
5392,10
5393,10
5394,10
5395,10
5396,11
5397,11
5398,11
5399,11
5400,11
5401,11
5402,11
5403,11
5404,11
5405,11
5406,11
5407,12
5408,12
5409,12
5410,12
5411,12
5412,12
5413,12
5414,12
5415,11
5416,11
5417,11
5418,11
5419,11
5420,12
5421,12
5422,12
5423,12
5424,12
5425,12
5426,12
5427,12
5428,12
5429,12
5430,11
5431,11
5432,11
5433,12
5434,12
5435,12
5436,12
5437,12
5438,12
5439,12
5440,12
5441,12
5442,12
5443,12
5444,12
5445,12
5446,12
5447,12
5448,12
5449,12
5450,12
5451,12
5452,13
5453,13
5454,13
5455,13
5456,13
5457,13
5458,13
5459,13
5460,13
5461,12
5462,12
5463,12
5464,12
5465,12
5466,12
5467,12
5468,12
5469,12
5470,12
5471,12
5472,12
5473,12
5474,12
5475,12
5476,12
5477,12
5478,12
5479,12
5480,12
5481,13
5482,14
5483,14
5484,14
5485,14
5486,14
5487,14
5488,14
5489,14
5490,14
5491,14
5492,14
5493,14
5494,14
5495,14
5496,14
5497,14
5498,14
5499,14
5500,14
5501,14
5502,14
5503,14
5504,14
5505,14
5506,14
5507,14
5508,14
5509,15
5510,17
5511,17
5512,16
5513,16
5514,16
5515,16
5516,16
5517,16
5518,16
5519,16
5520,16
5521,16
5522,16
5523,16
5524,16
5525,15
5526,15
5527,15
5528,15
5529,15
5530,15
5531,15
5532,15
5533,14
5534,14
5535,15
5536,15
5537,15
5538,16
5539,16
5540,15
5541,15
5542,15
5543,15
5544,15
5545,15
5546,15
5547,14
5548,14
5549,14
5550,14
5551,14
5552,14
5553,14
5554,14
5555,14
5556,14
5557,14
5558,15
5559,15
5560,15
5561,15
5562,15
5563,15
5564,15
5565,15
5566,14
5567,14
5568,14
5569,14
5570,14
5571,14
5572,14
5573,14
5574,14
5575,14
5576,14
5577,13
5578,13
5579,12
5580,13
5581,13
5582,13
5583,13
5584,13
5585,13
5586,13
5587,13
5588,13
5589,13
5590,13
5591,13
5592,13
5593,13
5594,12
5595,12
5596,12
5597,13
5598,13
5599,13
5600,13
5601,13
5602,13
5603,13
5604,13
5605,13
5606,13
5607,13
5608,12
5609,12
5610,11
5611,11
5612,11
5613,11
5614,11
5615,11
5616,10
5617,10
5618,10
5619,10
5620,10
5621,10
5622,10
5623,10
5624,10
5625,10
5626,10
5627,10
5628,10
5629,10
5630,10
5631,10
5632,10
5633,10
5634,10
5635,10
5636,9
5637,9
5638,9
5639,9
5640,9
5641,9
5642,9
5643,9
5644,9
5645,9
5646,9
5647,9
5648,9
5649,9
5650,9
5651,8
5652,8
5653,8
5654,8
5655,8
5656,8
5657,8
5658,8
5659,8
5660,8
5661,8
5662,8
5663,8
5664,8
5665,8
5666,8
5667,8
5668,8
5669,8
5670,8
5671,8
5672,9
5673,9
5674,9
5675,9
5676,9
5677,9
5678,9
5679,9
5680,9
5681,9
5682,9
5683,9
5684,9
5685,8
5686,8
5687,8
5688,8
5689,8
5690,8
5691,8
5692,8
5693,8
5694,8
5695,8
5696,8
5697,8
5698,8
5699,8
5700,9
5701,9
5702,9
5703,9
5704,9
5705,9
5706,9
5707,9
5708,9
5709,8
5710,8
5711,8
5712,8
5713,8
5714,7
5715,7
5716,7
5717,7
5718,7
5719,7
5720,7
5721,7
5722,6
5723,6
5724,6
5725,6
5726,6
5727,7
5728,7
5729,7
5730,7
5731,8
5732,8
5733,8
5734,8
5735,8
5736,8
5737,8
5738,8
5739,8
5740,8
5741,9
5742,9
5743,9
5744,9
5745,9
5746,9
5747,9
5748,9
5749,9
5750,9
5751,9
5752,9
5753,9
5754,9
5755,9
5756,9
5757,9
5758,9
5759,8
5760,8
5761,7
5762,7
5763,7
5764,7
5765,7
5766,7
5767,7
5768,7
5769,7
5770,6
5771,6
5772,7
5773,7
5774,7
5775,7
5776,7
5777,7
5778,7
5779,7
5780,7
5781,7
5782,7
5783,7
5784,8
5785,8
5786,8
5787,8
5788,8
5789,8
5790,8
5791,8
5792,8
5793,8
5794,8
5795,8
5796,8
5797,8
5798,8
5799,8
5800,8
5801,8
5802,8
5803,8
5804,8
5805,8
5806,8
5807,8
5808,8
5809,9
5810,9
5811,9
5812,9
5813,9
5814,9
5815,9
5816,9
5817,9
5818,9
5819,9
5820,9
5821,9
5822,9
5823,9
5824,9
5825,9
5826,8
5827,9
5828,9
5829,9
5830,9
5831,9
5832,9
5833,9
5834,9
5835,9
5836,9
5837,9
5838,9
5839,9
5840,9
5841,9
5842,10
5843,10
5844,10
5845,10
5846,11
5847,11
5848,12
5849,12
5850,12
5851,12
5852,12
5853,12
5854,12
5855,12
5856,12
5857,12
5858,12
5859,12
5860,12
5861,12
5862,12
5863,12
5864,12
5865,12
5866,12
5867,12
5868,13
5869,13
5870,12
5871,11
5872,11
5873,11
5874,12
5875,12
5876,12
5877,12
5878,12
5879,12
5880,12
5881,12
5882,12
5883,12
5884,12
5885,12
5886,12
5887,13
5888,13
5889,13
5890,13
5891,13
5892,13
5893,13
5894,13
5895,13
5896,14
5897,14
5898,14
5899,14
5900,14
5901,14
5902,14
5903,14
5904,14
5905,15
5906,15
5907,14
5908,13
5909,13
5910,13
5911,13
5912,13
5913,13
5914,14
5915,14
5916,14
5917,14
5918,14
5919,14
5920,13
5921,12
5922,12
5923,13
5924,13
5925,13
5926,13
5927,13
5928,13
5929,12
5930,12
5931,12
5932,12
5933,11
5934,11
5935,11
5936,11
5937,11
5938,11
5939,11
5940,11
5941,12
5942,12
5943,12
5944,12
5945,12
5946,12
5947,13
5948,14
5949,14
5950,14
5951,14
5952,14
5953,14
5954,14
5955,13
5956,14
5957,14
5958,14
5959,14
5960,14
5961,13
5962,13
5963,13
5964,13
5965,14
5966,14
5967,13
5968,13
5969,13
5970,13
5971,13
5972,13
5973,13
5974,13
5975,13
5976,13
5977,13
5978,13
5979,13
5980,13
5981,13
5982,13
5983,13
5984,13
5985,13
5986,14
5987,14
5988,13
5989,13
5990,14
5991,15
5992,15
5993,15
5994,14
5995,14
5996,14
5997,14
5998,14
5999,14
6000,14
6001,14
6002,14
6003,14
6004,14
6005,14
6006,14
6007,14
6008,14
6009,14
6010,14
6011,14
6012,14
6013,14
6014,14
6015,14
6016,14
6017,13
6018,13
6019,13
6020,13
6021,13
6022,13
6023,13
6024,13
6025,13
6026,13
6027,13
6028,13
6029,13
6030,14
6031,14
6032,14
6033,14
6034,14
6035,14
6036,14
6037,13
6038,14
6039,14
6040,15
6041,15
6042,15
6043,15
6044,15
6045,15
6046,15
6047,15
6048,15
6049,15
6050,15
6051,14
6052,13
6053,14
6054,14
6055,14
6056,14
6057,14
6058,14
6059,14
6060,14
6061,14
6062,14
6063,13
6064,13
6065,13
6066,13
6067,13
6068,13
6069,13
6070,13
6071,13
6072,13
6073,13
6074,13
6075,14
6076,14
6077,14
6078,14
6079,14
6080,14
6081,14
6082,13
6083,13
6084,13
6085,13
6086,13
6087,13
6088,13
6089,13
6090,13
6091,13
6092,13
6093,13
6094,13
6095,12
6096,12
6097,11
6098,11
6099,10
6100,10
6101,10
6102,10
6103,10
6104,10
6105,10
6106,10
6107,10
6108,10
6109,10
6110,10
6111,9
6112,9
6113,9
6114,9
6115,9
6116,10
6117,10
6118,10
6119,11
6120,11
6121,11
6122,11
6123,11
6124,11
6125,11
6126,11
6127,12
6128,11
6129,11
6130,11
6131,11
6132,10
6133,10
6134,10
6135,10
6136,10
6137,10
6138,10
6139,10
6140,10
6141,10
6142,10
6143,10
6144,10
6145,10
6146,10
6147,9
6148,9
6149,9
6150,9
6151,9
6152,9
6153,9
6154,9
6155,9
6156,8
6157,8
6158,8
6159,8
6160,8
6161,8
6162,9
6163,9
6164,9
6165,9
6166,10
6167,10
6168,10
6169,10
6170,10
6171,10
6172,10
6173,10
6174,10
6175,10
6176,10
6177,10
6178,10
6179,10
6180,10
6181,10
6182,10
6183,8
6184,8
6185,8
6186,8
6187,8
6188,8
6189,8
6190,8
6191,8
6192,8
6193,8
6194,8
6195,8
6196,8
6197,8
6198,8
6199,8
6200,8
6201,8
6202,8
6203,8
6204,8
6205,8
6206,8
6207,8
6208,9
6209,9
6210,10
6211,10
6212,10
6213,11
6214,11
6215,11
6216,11
6217,11
6218,11
6219,11
6220,11
6221,11
6222,11
6223,11
6224,10
6225,10
6226,10
6227,10
6228,11
6229,11
6230,12
6231,12
6232,12
6233,12
6234,12
6235,12
6236,12
6237,12
6238,12
6239,12
6240,12
6241,12
6242,12
6243,12
6244,12
6245,12
6246,12
6247,12
6248,12
6249,12
6250,13
6251,13
6252,13
6253,12
6254,12
6255,11
6256,11
6257,11
6258,11
6259,10
6260,10
6261,10
6262,10
6263,10
6264,10
6265,10
6266,10
6267,10
6268,10
6269,10
6270,10
6271,10
6272,10
6273,10
6274,10
6275,10
6276,10
6277,10
6278,10
6279,10
6280,10
6281,10
6282,9
6283,9
6284,9
6285,9
6286,9
6287,9
6288,9
6289,9
6290,9
6291,9
6292,10
6293,10
6294,10
6295,10
6296,10
6297,10
6298,10
6299,10
6300,9
6301,9
6302,9
6303,9
6304,9
6305,9
6306,9
6307,9
6308,9
6309,9
6310,9
6311,9
6312,9
6313,9
6314,9
6315,9
6316,9
6317,9
6318,9
6319,9
6320,9
6321,9
6322,9
6323,9
6324,9
6325,9
6326,9
6327,9
6328,9
6329,9
6330,9
6331,9
6332,9
6333,9
6334,9
6335,9
6336,10
6337,10
6338,10
6339,10
6340,10
6341,10
6342,10
6343,10
6344,10
6345,10
6346,10
6347,10
6348,10
6349,10
6350,10
6351,10
6352,10
6353,11
6354,11
6355,11
6356,11
6357,11
6358,11
6359,11
6360,11
6361,12
6362,12
6363,12
6364,12
6365,12
6366,12
6367,12
6368,12
6369,12
6370,12
6371,12
6372,11
6373,11
6374,11
6375,11
6376,11
6377,11
6378,11
6379,11
6380,11
6381,11
6382,11
6383,11
6384,11
6385,11
6386,11
6387,11
6388,11
6389,11
6390,11
6391,11
6392,12
6393,12
6394,12
6395,11
6396,11
6397,11
6398,11
6399,11
6400,11
6401,11
6402,11
6403,11
6404,11
6405,11
6406,11
6407,10
6408,10
6409,10
6410,9
6411,9
6412,9
6413,9
6414,9
6415,9
6416,9
6417,9
6418,9
6419,9
6420,9
6421,9
6422,9
6423,9
6424,8
6425,8
6426,8
6427,8
6428,8
6429,8
6430,8
6431,8
6432,8
6433,8
6434,8
6435,9
6436,9
6437,9
6438,9
6439,9
6440,9
6441,9
6442,9
6443,9
6444,9
6445,9
6446,10
6447,10
6448,10
6449,10
6450,10
6451,9
6452,9
6453,9
6454,9
6455,9
6456,9
6457,9
6458,8
6459,8
6460,7
6461,7
6462,8
6463,8
6464,8
6465,8
6466,8
6467,8
6468,8
6469,8
6470,8
6471,8
6472,8
6473,8
6474,8
6475,8
6476,8
6477,8
6478,8
6479,8
6480,9
6481,9
6482,9
6483,9
6484,9
6485,9
6486,9
6487,9
6488,9
6489,9
6490,9
6491,9
6492,9
6493,9
6494,9
6495,9
6496,9
6497,9
6498,9
6499,9
6500,9
6501,9
6502,9
6503,9
6504,9
6505,8
6506,8
6507,8
6508,8
6509,8
6510,9
6511,9
6512,9
6513,9
6514,9
6515,9
6516,9
6517,10
6518,10
6519,10
6520,10
6521,10
6522,11
6523,10
6524,10
6525,10
6526,10
6527,10
6528,10
6529,10
6530,10
6531,10
6532,10
6533,10
6534,10
6535,10
6536,9
6537,9
6538,9
6539,10
6540,10
6541,10
6542,10
6543,10
6544,10
6545,10
6546,10
6547,10
6548,10
6549,10
6550,10
6551,10
6552,10
6553,10
6554,10
6555,10
6556,10
6557,10
6558,10
6559,10
6560,9
6561,9
6562,9
6563,9
6564,9
6565,9
6566,9
6567,9
6568,9
6569,8
6570,8
6571,8
6572,8
6573,8
6574,8
6575,8
6576,8
6577,8
6578,8
6579,8
6580,9
6581,9
6582,9
6583,9
6584,10
6585,10
6586,10
6587,10
6588,10
6589,10
6590,10
6591,10
6592,10
6593,10
6594,10
6595,11
6596,11
6597,11
6598,11
6599,11
6600,11
6601,11
6602,11
6603,11
6604,11
6605,11
6606,11
6607,11
6608,11
6609,11
6610,11
6611,11
6612,11
6613,11
6614,11
6615,12
6616,12
6617,12
6618,12
6619,12
6620,12
6621,13
6622,13
6623,13
6624,14
6625,14
6626,14
6627,14
6628,14
6629,14
6630,14
6631,13
6632,13
6633,14
6634,14
6635,14
6636,14
6637,14
6638,14
6639,14
6640,13
6641,13
6642,13
6643,13
6644,13
6645,13
6646,13
6647,13
6648,13
6649,13
6650,13
6651,13
6652,13
6653,13
6654,13
6655,13
6656,13
6657,13
6658,13
6659,13
6660,13
6661,13
6662,12
6663,12
6664,12
6665,13
6666,13
6667,13
6668,13
6669,13
6670,12
6671,11
6672,11
6673,11
6674,11
6675,11
6676,11
6677,11
6678,11
6679,11
6680,11
6681,11
6682,12
6683,12
6684,12
6685,12
6686,12
6687,12
6688,12
6689,11
6690,11
6691,11
6692,11
6693,12
6694,12
6695,12
6696,12
6697,12
6698,12
6699,12
6700,12
6701,12
6702,12
6703,12
6704,12
6705,12
6706,12
6707,12
6708,12
6709,11
6710,11
6711,11
6712,11
6713,11
6714,11
6715,11
6716,11
6717,11
6718,11
6719,11
6720,11
6721,11
6722,11
6723,11
6724,11
6725,11
6726,11
6727,11
6728,11
6729,11
6730,11
6731,10
6732,10
6733,10
6734,10
6735,10
6736,10
6737,10
6738,9
6739,8
6740,8
6741,8
6742,8
6743,8
6744,8
6745,8
6746,8
6747,8
6748,8
6749,8
6750,8
6751,8
6752,8
6753,8
6754,8
6755,8
6756,8
6757,8
6758,8
6759,8
6760,7
6761,7
6762,7
6763,7
6764,7
6765,7
6766,7
6767,7
6768,7
6769,7
6770,7
6771,7
6772,7
6773,6
6774,6
6775,7
6776,7
6777,7
6778,7
6779,6
6780,6
6781,6
6782,6
6783,6
6784,7
6785,7
6786,7
6787,7
6788,7
6789,7
6790,8
6791,8
6792,8
6793,8
6794,8
6795,8
6796,8
6797,8
6798,8
6799,8
6800,7
6801,8
6802,8
6803,8
6804,8
6805,8
6806,8
6807,8
6808,9
6809,9
6810,9
6811,9
6812,9
6813,10
6814,9
6815,9
6816,9
6817,9
6818,9
6819,9
6820,9
6821,9
6822,9
6823,9
6824,8
6825,9
6826,9
6827,9
6828,9
6829,9
6830,9
6831,9
6832,9
6833,9
6834,8
6835,8
6836,8
6837,8
6838,8
6839,8
6840,8
6841,8
6842,8
6843,8
6844,8
6845,8
6846,8
6847,8
6848,8
6849,8
6850,8
6851,8
6852,8
6853,8
6854,8
6855,8
6856,8
6857,8
6858,8
6859,8
6860,8
6861,8
6862,8
6863,8
6864,8
6865,8
6866,8
6867,8
6868,8
6869,8
6870,8
6871,8
6872,8
6873,8
6874,8
6875,8
6876,8
6877,8
6878,8
6879,8
6880,7
6881,7
6882,7
6883,7
6884,7
6885,7
6886,7
6887,7
6888,7
6889,7
6890,6
6891,6
6892,6
6893,7
6894,8
6895,8
6896,8
6897,7
6898,7
6899,7
6900,7
6901,7
6902,7
6903,8
6904,8
6905,8
6906,8
6907,8
6908,8
6909,8
6910,8
6911,8
6912,8
6913,8
6914,8
6915,8
6916,8
6917,8
6918,8
6919,8
6920,8
6921,7
6922,7
6923,7
6924,7
6925,7
6926,7
6927,7
6928,7
6929,7
6930,7
6931,7
6932,7
6933,7
6934,7
6935,7
6936,5
6937,6
6938,6
6939,6
6940,6
6941,6
6942,6
6943,6
6944,6
6945,6
6946,6
6947,6
6948,6
6949,6
6950,7
6951,7
6952,7
6953,8
6954,8
6955,8
6956,8
6957,8
6958,8
6959,9
6960,9
6961,9
6962,9
6963,9
6964,9
6965,9
6966,9
6967,9
6968,9
6969,9
6970,9
6971,10
6972,11
6973,11
6974,11
6975,11
6976,11
6977,10
6978,10
6979,10
6980,10
6981,11
6982,11
6983,11
6984,11
6985,11
6986,11
6987,11
6988,11
6989,11
6990,11
6991,11
6992,11
6993,11
6994,11
6995,11
6996,11
6997,11
6998,11
6999,11
7000,11
7001,11
7002,11
7003,11
7004,11
7005,11
7006,11
7007,11
7008,11
7009,12
7010,12
7011,12
7012,11
7013,11
7014,10
7015,10
7016,10
7017,10
7018,10
7019,10
7020,10
7021,10
7022,10
7023,11
7024,11
7025,11
7026,10
7027,10
7028,10
7029,10
7030,9
7031,9
7032,9
7033,9
7034,9
7035,9
7036,10
7037,10
7038,10
7039,10
7040,10
7041,10
7042,10
7043,10
7044,10
7045,10
7046,12
7047,12
7048,12
7049,12
7050,12
7051,11
7052,11
7053,11
7054,11
7055,11
7056,11
7057,11
7058,11
7059,10
7060,10
7061,10
7062,10
7063,10
7064,10
7065,10
7066,10
7067,10
7068,10
7069,10
7070,10
7071,10
7072,10
7073,10
7074,10
7075,10
7076,10
7077,10
7078,10
7079,10
7080,10
7081,10
7082,10
7083,10
7084,10
7085,10
7086,10
7087,10
7088,10
7089,10
7090,10
7091,10
7092,10
7093,10
7094,10
7095,10
7096,10
7097,10
7098,9
7099,9
7100,9
7101,9
7102,9
7103,9
7104,9
7105,9
7106,9
7107,9
7108,9
7109,9
7110,9
7111,9
7112,9
7113,9
7114,9
7115,8
7116,8
7117,8
7118,8
7119,8
7120,8
7121,8
7122,8
7123,8
7124,8
7125,8
7126,8
7127,8
7128,8
7129,8
7130,8
7131,8
7132,8
7133,8
7134,8
7135,8
7136,8
7137,8
7138,8
7139,8
7140,8
7141,8
7142,8
7143,8
7144,8
7145,8
7146,8
7147,7
7148,7
7149,7
7150,7
7151,7
7152,6
7153,6
7154,5
7155,5
7156,5
7157,5
7158,4
7159,4
7160,4
7161,4
7162,4
7163,5
7164,5
7165,5
7166,7
7167,7
7168,7
7169,7
7170,7
7171,7
7172,7
7173,7
7174,7
7175,7
7176,7
7177,7
7178,7
7179,7
7180,7
7181,7
7182,7
7183,7
7184,7
7185,7
7186,7
7187,7
7188,7
7189,7
7190,7
7191,6
7192,6
7193,6
7194,6
7195,6
7196,6
7197,7
7198,7
7199,7
7200,7
7201,7
7202,7
7203,7
7204,7
7205,7
7206,6
7207,6
7208,6
7209,6
7210,6
7211,6
7212,6
7213,6
7214,6
7215,5
7216,6
7217,6
7218,8
7219,8
7220,8
7221,9
7222,9
7223,9
7224,9
7225,9
7226,9
7227,9
7228,9
7229,9
7230,9
7231,9
7232,9
7233,9
7234,9
7235,9
7236,9
7237,9
7238,8
7239,8
7240,8
7241,8
7242,8
7243,8
7244,8
7245,8
7246,8
7247,8
7248,8
7249,8
7250,8
7251,8
7252,8
7253,7
7254,8
7255,8
7256,8
7257,8
7258,7
7259,7
7260,7
7261,7
7262,7
7263,7
7264,7
7265,7
7266,7
7267,7
7268,7
7269,8
7270,8
7271,8
7272,8
7273,8
7274,8
7275,8
7276,8
7277,8
7278,8
7279,8
7280,8
7281,8
7282,8
7283,8
7284,8
7285,8
7286,8
7287,8
7288,8
7289,8
7290,8
7291,8
7292,7
7293,7
7294,7
7295,7
7296,7
7297,7
7298,7
7299,7
7300,7
7301,7
7302,7
7303,7
7304,7
7305,7
7306,7
7307,7
7308,7
7309,7
7310,6
7311,6
7312,6
7313,7
7314,7
7315,7
7316,7
7317,7
7318,7
7319,7
7320,7
7321,7
7322,7
7323,7
7324,8
7325,8
7326,8
7327,8
7328,8
7329,8
7330,8
7331,8
7332,8
7333,8
7334,8
7335,8
7336,8
7337,8
7338,8
7339,8
7340,8
7341,9
7342,9
7343,9
7344,9
7345,10
7346,10
7347,10
7348,10
7349,10
7350,10
7351,10
7352,10
7353,10
7354,10
7355,10
7356,10
7357,10
7358,10
7359,10
7360,10
7361,10
7362,10
7363,10
7364,10
7365,10
7366,10
7367,10
7368,10
7369,10
7370,10
7371,10
7372,10
7373,10
7374,10
7375,11
7376,11
7377,12
7378,12
7379,12
7380,12
7381,12
7382,12
7383,12
7384,12
7385,12
7386,12
7387,12
7388,12
7389,12
7390,12
7391,12
7392,12
7393,12
7394,12
7395,12
7396,12
7397,11
7398,11
7399,11
7400,11
7401,11
7402,11
7403,11
7404,11
7405,11
7406,11
7407,11
7408,11
7409,11
7410,11
7411,11
7412,11
7413,11
7414,11
7415,11
7416,11
7417,11
7418,11
7419,11
7420,11
7421,11
7422,11
7423,11
7424,11
7425,11
7426,11
7427,11
7428,10
7429,9
7430,9
7431,9
7432,9
7433,9
7434,9
7435,9
7436,9
7437,9
7438,9
7439,9
7440,9
7441,8
7442,8
7443,8
7444,8
7445,8
7446,8
7447,8
7448,8
7449,8
7450,8
7451,8
7452,8
7453,8
7454,8
7455,8
7456,8
7457,8
7458,8
7459,8
7460,8
7461,8
7462,8
7463,8
7464,8
7465,8
7466,8
7467,8
7468,7
7469,7
7470,7
7471,6
7472,6
7473,6
7474,6
7475,6
7476,6
7477,6
7478,6
7479,6
7480,6
7481,6
7482,6
7483,6
7484,6
7485,6
7486,6
7487,6
7488,6
7489,7
7490,7
7491,7
7492,7
7493,7
7494,7
7495,7
7496,7
7497,7
7498,7
7499,7
7500,7
7501,7
7502,7
7503,7
7504,7
7505,7
7506,7
7507,7
7508,7
7509,7
7510,7
7511,7
7512,7
7513,6
7514,6
7515,6
7516,6
7517,6
7518,6
7519,5
7520,5
7521,5
7522,5
7523,5
7524,5
7525,5
7526,5
7527,5
7528,6
7529,6
7530,6
7531,6
7532,6
7533,6
7534,6
7535,6
7536,6
7537,5
7538,5
7539,5
7540,5
7541,5
7542,5
7543,5
7544,5
7545,5
7546,5
7547,5
7548,5
7549,5
7550,5
7551,5
7552,5
7553,5
7554,5
7555,5
7556,5
7557,5
7558,5
7559,4
7560,3
7561,3
7562,4
7563,4
7564,4
7565,4
7566,4
7567,4
7568,4
7569,4
7570,4
7571,4
7572,4
7573,4
7574,4
7575,5
7576,5
7577,5
7578,5
7579,5
7580,5
7581,6
7582,6
7583,6
7584,6
7585,6
7586,6
7587,6
7588,6
7589,6
7590,6
7591,6
7592,6
7593,6
7594,6
7595,6
7596,6
7597,6
7598,6
7599,5
7600,5
7601,5
7602,5
7603,5
7604,5
7605,5
7606,5
7607,5
7608,5
7609,5
7610,6
7611,6
7612,6
7613,6
7614,6
7615,6
7616,6
7617,6
7618,6
7619,6
7620,6
7621,6
7622,6
7623,6
7624,6
7625,6
7626,6
7627,6
7628,6
7629,6
7630,6
7631,6
7632,6
7633,6
7634,6
7635,6
7636,6
7637,6
7638,6
7639,6
7640,6
7641,6
7642,6
7643,6
7644,6
7645,6
7646,6
7647,6
7648,6
7649,6
7650,6
7651,6
7652,6
7653,6
7654,6
7655,7
7656,7
7657,7
7658,8
7659,8
7660,8
7661,8
7662,8
7663,8
7664,8
7665,8
7666,8
7667,8
7668,8
7669,8
7670,8
7671,8
7672,8
7673,7
7674,7
7675,7
7676,7
7677,8
7678,7
7679,7
7680,7
7681,7
7682,7
7683,7
7684,7
7685,8
7686,8
7687,8
7688,8
7689,8
7690,8
7691,8
7692,8
7693,8
7694,8
7695,8
7696,8
7697,8
7698,8
7699,8
7700,8
7701,8
7702,8
7703,7
7704,7
7705,7
7706,6
7707,6
7708,6
7709,6
7710,6
7711,6
7712,6
7713,6
7714,6
7715,6
7716,6
7717,7
7718,7
7719,7
7720,7
7721,7
7722,7
7723,7
7724,7
7725,7
7726,7
7727,7
7728,7
7729,7
7730,7
7731,7
7732,7
7733,7
7734,7
7735,7
7736,7
7737,8
7738,9
7739,9
7740,9
7741,9
7742,10
7743,10
7744,10
7745,10
7746,10
7747,10
7748,10
7749,9
7750,9
7751,9
7752,8
7753,8
7754,8
7755,8
7756,9
7757,9
7758,9
7759,9
7760,9
7761,9
7762,9
7763,9
7764,9
7765,9
7766,9
7767,9
7768,9
7769,9
7770,9
7771,9
7772,9
7773,9
7774,9
7775,9
7776,9
7777,9
7778,9
7779,8
7780,8
7781,8
7782,8
7783,8
7784,8
7785,8
7786,8
7787,8
7788,8
7789,8
7790,8
7791,8
7792,8
7793,8
7794,8
7795,8
7796,8
7797,8
7798,8
7799,8
7800,8
7801,8
7802,8
7803,8
7804,8
7805,8
7806,8
7807,8
7808,8
7809,8
7810,8
7811,8
7812,8
7813,8
7814,8
7815,8
7816,8
7817,8
7818,8
7819,8
7820,7
7821,7
7822,7
7823,7
7824,7
7825,7
7826,7
7827,7
7828,7
7829,7
7830,7
7831,7
7832,7
7833,7
7834,7
7835,7
7836,7
7837,7
7838,7
7839,8
7840,8
7841,8
7842,8
7843,8
7844,9
7845,9
7846,9
7847,9
7848,9
7849,9
7850,9
7851,9
7852,9
7853,9
7854,9
7855,9
7856,9
7857,9
7858,9
7859,9
7860,9
7861,9
7862,9
7863,8
7864,8
7865,8
7866,8
7867,8
7868,8
7869,8
7870,8
7871,8
7872,7
7873,7
7874,7
7875,7
7876,7
7877,7
7878,6
7879,6
7880,6
7881,6
7882,6
7883,6
7884,6
7885,5
7886,5
7887,5
7888,5
7889,5
7890,5
7891,5
7892,5
7893,5
7894,5
7895,5
7896,5
7897,5
7898,5
7899,5
7900,5
7901,5
7902,5
7903,4
7904,4
7905,4
7906,3
7907,3
7908,3
7909,3
7910,3
7911,3
7912,3
7913,3
7914,3
7915,3
7916,3
7917,3
7918,3
7919,4
7920,5
7921,5
7922,5
7923,5
7924,5
7925,5
7926,5
7927,5
7928,5
7929,5
7930,5
7931,5
7932,5
7933,5
7934,5
7935,5
7936,5
7937,5
7938,5
7939,5
7940,5
7941,5
7942,5
7943,5
7944,5
7945,5
7946,5
7947,5
7948,5
7949,5
7950,5
7951,5
7952,5
7953,5
7954,5
7955,5
7956,5
7957,5
7958,5
7959,5
7960,5
7961,5
7962,5
7963,5
7964,5
7965,5
7966,5
7967,5
7968,5
7969,5
7970,5
7971,5
7972,5
7973,5
7974,5
7975,5
7976,5
7977,4
7978,4
7979,4
7980,4
7981,4
7982,4
7983,4
7984,4
7985,4
7986,4
7987,4
7988,4
7989,4
7990,4
7991,4
7992,4
7993,4
7994,4
7995,4
7996,4
7997,5
7998,5
7999,5
8000,5
8001,5
8002,5
8003,5
8004,5
8005,5
8006,5
8007,5
8008,5
8009,5
8010,5
8011,5
8012,5
8013,5
8014,5
8015,5
8016,5
8017,5
8018,5
8019,5
8020,5
8021,5
8022,5
8023,5
8024,5
8025,5
8026,5
8027,5
8028,5
8029,5
8030,6
8031,6
8032,6
8033,6
8034,6
8035,6
8036,6
8037,6
8038,6
8039,7
8040,7
8041,7
8042,7
8043,7
8044,7
8045,7
8046,7
8047,7
8048,7
8049,7
8050,7
8051,7
8052,6
8053,6
8054,6
8055,6
8056,6
8057,7
8058,7
8059,7
8060,7
8061,7
8062,7
8063,7
8064,7
8065,7
8066,7
8067,7
8068,6
8069,6
8070,6
8071,6
8072,6
8073,6
8074,6
8075,6
8076,6
8077,6
8078,6
8079,6
8080,6
8081,7
8082,7
8083,7
8084,7
8085,8
8086,8
8087,8
8088,8
8089,8
8090,8
8091,8
8092,8
8093,8
8094,8
8095,8
8096,7
8097,7
8098,7
8099,7
8100,7
8101,7
8102,7
8103,7
8104,7
8105,7
8106,7
8107,7
8108,7
8109,7
8110,7
8111,7
8112,7
8113,7
8114,7
8115,7
8116,7
8117,7
8118,7
8119,7
8120,7
8121,7
8122,7
8123,7
8124,7
8125,7
8126,7
8127,7
8128,6
8129,6
8130,6
8131,6
8132,6
8133,6
8134,6
8135,6
8136,6
8137,6
8138,6
8139,6
8140,6
8141,6
8142,6
8143,6
8144,6
8145,6
8146,6
8147,6
8148,6
8149,6
8150,7
8151,6
8152,6
8153,6
8154,7
8155,7
8156,7
8157,7
8158,7
8159,7
8160,7
8161,7
8162,8
8163,9
8164,9
8165,9
8166,9
8167,9
8168,9
8169,9
8170,9
8171,9
8172,9
8173,9
8174,9
8175,9
8176,9
8177,9
8178,9
8179,9
8180,9
8181,9
8182,9
8183,8
8184,8
8185,8
8186,8
8187,8
8188,8
8189,8
8190,8
8191,7
8192,7
8193,7
8194,7
8195,7
8196,7
8197,8
8198,8
8199,8
8200,8
8201,8
8202,8
8203,8
8204,8
8205,8
8206,8
8207,8
8208,8
8209,8
8210,8
8211,8
8212,8
8213,8
8214,8
8215,8
8216,9
8217,9
8218,9
8219,9
8220,8
8221,8
8222,8
8223,8
8224,8
8225,8
8226,8
8227,8
8228,8
8229,8
8230,8
8231,8
8232,8
8233,8
8234,8
8235,8
8236,8
8237,8
8238,8
8239,8
8240,8
8241,8
8242,8
8243,8
8244,8
8245,8
8246,8
8247,8
8248,8
8249,8
8250,8
8251,7
8252,6
8253,6
8254,6
8255,6
8256,6
8257,6
8258,6
8259,6
8260,6
8261,6
8262,6
8263,6
8264,6
8265,6
8266,6
8267,6
8268,6
8269,6
8270,6
8271,6
8272,6
8273,6
8274,6
8275,6
8276,6
8277,6
8278,6
8279,6
8280,6
8281,6
8282,6
8283,6
8284,6
8285,6
8286,6
8287,6
8288,6
8289,6
8290,6
8291,6
8292,6
8293,6
8294,5
8295,5
8296,5
8297,5
8298,5
8299,5
8300,6
8301,6
8302,6
8303,6
8304,6
8305,6
8306,6
8307,6
8308,6
8309,6
8310,6
8311,6
8312,6
8313,6
8314,6
8315,5
8316,5
8317,6
8318,6
8319,6
8320,6
8321,6
8322,6
8323,6
8324,6
8325,6
8326,6
8327,6
8328,6
8329,6
8330,6
8331,6
8332,6
8333,6
8334,6
8335,6
8336,5
8337,5
8338,5
8339,5
8340,5
8341,5
8342,5
8343,5
8344,5
8345,5
8346,5
8347,5
8348,5
8349,5
8350,6
8351,6
8352,6
8353,5
8354,5
8355,5
8356,5
8357,5
8358,4
8359,4
8360,4
8361,4
8362,4
8363,5
8364,5
8365,5
8366,5
8367,5
8368,5
8369,5
8370,5
8371,5
8372,5
8373,5
8374,5
8375,6
8376,6
8377,6
8378,6
8379,6
8380,6
8381,6
8382,6
8383,6
8384,6
8385,6
8386,7
8387,7
8388,7
8389,7
8390,7
8391,7
8392,7
8393,7
8394,8
8395,8
8396,8
8397,8
8398,8
8399,8
8400,8
8401,8
8402,8
8403,9
8404,9
8405,9
8406,9
8407,9
8408,9
8409,9
8410,9
8411,9
8412,9
8413,8
8414,9
8415,9
8416,9
8417,9
8418,9
8419,9
8420,9
8421,9
8422,8
8423,7
8424,7
8425,7
8426,8
8427,8
8428,8
8429,8
8430,8
8431,8
8432,8
8433,8
8434,8
8435,8
8436,8
8437,8
8438,8
8439,8
8440,8
8441,8
8442,8
8443,8
8444,8
8445,8
8446,8
8447,8
8448,8
8449,9
8450,9
8451,9
8452,9
8453,9
8454,9
8455,9
8456,10
8457,10
8458,10
8459,10
8460,10
8461,10
8462,10
8463,10
8464,10
8465,10
8466,10
8467,10
8468,10
8469,10
8470,10
8471,10
8472,10
8473,11
8474,11
8475,11
8476,11
8477,11
8478,11
8479,10
8480,10
8481,10
8482,10
8483,10
8484,10
8485,10
8486,10
8487,10
8488,10
8489,10
8490,10
8491,10
8492,10
8493,10
8494,10
8495,10
8496,10
8497,9
8498,9
8499,9
8500,9
8501,9
8502,10
8503,9
8504,9
8505,9
8506,9
8507,9
8508,9
8509,9
8510,9
8511,9
8512,9
8513,9
8514,9
8515,9
8516,9
8517,9
8518,9
8519,9
8520,9
8521,9
8522,9
8523,9
8524,9
8525,9
8526,9
8527,9
8528,9
8529,9
8530,10
8531,10
8532,10
8533,10
8534,11
8535,11
8536,10
8537,10
8538,10
8539,10
8540,10
8541,10
8542,10
8543,10
8544,10
8545,10
8546,10
8547,10
8548,10
8549,10
8550,11
8551,10
8552,10
8553,10
8554,10
8555,10
8556,10
8557,10
8558,10
8559,10
8560,10
8561,10
8562,10
8563,10
8564,10
8565,10
8566,10
8567,10
8568,10
8569,10
8570,10
8571,10
8572,11
8573,11
8574,11
8575,11
8576,11
8577,11
8578,11
8579,11
8580,11
8581,11
8582,11
8583,11
8584,11
8585,11
8586,11
8587,11
8588,11
8589,11
8590,11
8591,11
8592,11
8593,11
8594,11
8595,11
8596,11
8597,11
8598,11
8599,11
8600,11
8601,11
8602,11
8603,11
8604,11
8605,11
8606,11
8607,11
8608,11
8609,11
8610,11
8611,10
8612,10
8613,10
8614,9
8615,9
8616,9
8617,9
8618,9
8619,9
8620,9
8621,9
8622,9
8623,9
8624,9
8625,9
8626,9
8627,9
8628,8
8629,8
8630,8
8631,8
8632,7
8633,7
8634,7
8635,7
8636,7
8637,7
8638,7
8639,8
8640,8
8641,8
8642,8
8643,8
8644,8
8645,8
8646,8
8647,8
8648,8
8649,8
8650,8
8651,8
8652,8
8653,8
8654,8
8655,8
8656,8
8657,8
8658,8
8659,8
8660,8
8661,8
8662,8
8663,8
8664,8
8665,8
8666,8
8667,8
8668,8
8669,7
8670,7
8671,7
8672,7
8673,7
8674,7
8675,7
8676,7
8677,7
8678,7
8679,7
8680,7
8681,7
8682,7
8683,7
8684,7
8685,7
8686,7
8687,7
8688,7
8689,7
8690,7
8691,7
8692,7
8693,7
8694,7
8695,7
8696,7
8697,7
8698,6
8699,6
8700,6
8701,6
8702,6
8703,6
8704,6
8705,5
8706,5
8707,5
8708,5
8709,5
8710,5
8711,5
8712,5
8713,5
8714,5
8715,5
8716,5
8717,5
8718,5
8719,5
8720,5
8721,5
8722,5
8723,5
8724,5
8725,5
8726,5
8727,5
8728,5
8729,4
8730,4
8731,3
8732,3
8733,3
8734,3
8735,3
8736,3
8737,3
8738,3
8739,3
8740,3
8741,3
8742,3
8743,3
8744,3
8745,3
8746,3
8747,2
8748,2
8749,2
8750,2
8751,2
8752,2
8753,2
8754,2
8755,2
8756,2
8757,2
8758,2
8759,2
8760,2
8761,2
8762,2
8763,2
8764,2
8765,2
8766,2
8767,2
8768,2
8769,2
8770,2
8771,2
8772,2
8773,2
8774,2
8775,2
8776,2
8777,2
8778,2
8779,2
8780,2
8781,2
8782,2
8783,2
8784,2
8785,2
8786,2
8787,2
8788,2
8789,2
8790,2
8791,2
8792,3
8793,3
8794,2
8795,2
8796,2
8797,2
8798,2
8799,2
8800,2
8801,2
8802,2
8803,2
8804,2
8805,2
8806,2
8807,2
8808,2
8809,2
8810,2
8811,2
8812,2
8813,2
8814,3
8815,3
8816,3
8817,3
8818,3
8819,3
8820,4
8821,4
8822,4
8823,4
8824,4
8825,4
8826,3
8827,3
8828,3
8829,3
8830,3
8831,3
8832,3
8833,3
8834,3
8835,3
8836,3
8837,3
8838,3
8839,3
8840,3
8841,4
8842,4
8843,4
8844,4
8845,4
8846,4
8847,4
8848,4
8849,4
8850,4
8851,4
8852,4
8853,4
8854,4
8855,4
8856,4
8857,4
8858,4
8859,4
8860,4
8861,4
8862,4
8863,4
8864,3
8865,3
8866,3
8867,3
8868,3
8869,3
8870,3
8871,3
8872,3
8873,3
8874,3
8875,3
8876,3
8877,3
8878,3
8879,3
8880,3
8881,3
8882,3
8883,3
8884,3
8885,3
8886,3
8887,3
8888,3
8889,3
8890,3
8891,3
8892,3
8893,3
8894,3
8895,3
8896,3
8897,3
8898,4
8899,4
8900,4
8901,4
8902,4
8903,4
8904,4
8905,4
8906,4
8907,4
8908,4
8909,4
8910,4
8911,4
8912,4
8913,4
8914,4
8915,4
8916,4
8917,4
8918,4
8919,4
8920,4
8921,4
8922,4
8923,5
8924,5
8925,5
8926,5
8927,5
8928,5
8929,5
8930,5
8931,5
8932,5
8933,5
8934,5
8935,5
8936,5
8937,5
8938,5
8939,5
8940,5
8941,5
8942,6
8943,6
8944,6
8945,6
8946,6
8947,6
8948,6
8949,7
8950,7
8951,7
8952,7
8953,7
8954,7
8955,7
8956,7
8957,7
8958,7
8959,7
8960,7
8961,7
8962,7
8963,8
8964,8
8965,8
8966,8
8967,8
8968,8
8969,8
8970,8
8971,8
8972,8
8973,8
8974,8
8975,8
8976,9
8977,9
8978,9
8979,9
8980,9
8981,9
8982,9
8983,8
8984,8
8985,8
8986,8
8987,8
8988,8
8989,7
8990,7
8991,7
8992,7
8993,7
8994,7
8995,6
8996,6
8997,6
8998,6
8999,6
9000,6
9001,6
9002,6
9003,6
9004,7
9005,7
9006,7
9007,7
9008,7
9009,7
9010,7
9011,7
9012,7
9013,7
9014,7
9015,7
9016,7
9017,7
9018,7
9019,7
9020,7
9021,7
9022,7
9023,7
9024,7
9025,7
9026,7
9027,7
9028,7
9029,7
9030,7
9031,8
9032,8
9033,8
9034,8
9035,8
9036,8
9037,8
9038,8
9039,8
9040,8
9041,8
9042,8
9043,8
9044,9
9045,9
9046,9
9047,9
9048,9
9049,9
9050,9
9051,9
9052,9
9053,9
9054,9
9055,10
9056,9
9057,9
9058,9
9059,9
9060,9
9061,9
9062,9
9063,10
9064,10
9065,10
9066,10
9067,10
9068,10
9069,10
9070,10
9071,10
9072,10
9073,9
9074,8
9075,9
9076,10
9077,10
9078,10
9079,10
9080,10
9081,10
9082,10
9083,10
9084,10
9085,10
9086,10
9087,10
9088,10
9089,10
9090,10
9091,10
9092,10
9093,10
9094,10
9095,10
9096,9
9097,9
9098,9
9099,9
9100,9
9101,9
9102,9
9103,9
9104,9
9105,9
9106,9
9107,9
9108,9
9109,9
9110,9
9111,9
9112,9
9113,9
9114,9
9115,10
9116,10
9117,10
9118,10
9119,10
9120,10
9121,10
9122,10
9123,10
9124,10
9125,10
9126,10
9127,10
9128,10
9129,10
9130,10
9131,10
9132,10
9133,10
9134,10
9135,10
9136,10
9137,10
9138,9
9139,9
9140,9
9141,9
9142,9
9143,9
9144,9
9145,9
9146,9
9147,9
9148,9
9149,9
9150,9
9151,9
9152,9
9153,8
9154,8
9155,7
9156,7
9157,7
9158,7
9159,7
9160,7
9161,7
9162,7
9163,7
9164,7
9165,7
9166,7
9167,7
9168,7
9169,7
9170,7
9171,7
9172,7
9173,7
9174,7
9175,7
9176,7
9177,7
9178,7
9179,7
9180,7
9181,6
9182,6
9183,6
9184,6
9185,7
9186,7
9187,7
9188,7
9189,7
9190,7
9191,7
9192,7
9193,6
9194,6
9195,6
9196,6
9197,6
9198,6
9199,6
9200,6
9201,6
9202,6
9203,6
9204,6
9205,6
9206,6
9207,6
9208,6
9209,6
9210,6
9211,5
9212,5
9213,5
9214,4
9215,4
9216,4
9217,4
9218,4
9219,4
9220,4
9221,4
9222,4
9223,4
9224,4
9225,3
9226,3
9227,3
9228,3
9229,3
9230,3
9231,3
9232,3
9233,3
9234,3
9235,3
9236,3
9237,3
9238,3
9239,3
9240,3
9241,3
9242,3
9243,4
9244,4
9245,4
9246,4
9247,4
9248,4
9249,4
9250,4
9251,4
9252,4
9253,4
9254,4
9255,4
9256,4
9257,4
9258,5
9259,5
9260,5
9261,5
9262,5
9263,5
9264,5
9265,5
9266,5
9267,5
9268,6
9269,6
9270,6
9271,6
9272,6
9273,6
9274,6
9275,6
9276,6
9277,6
9278,6
9279,6
9280,6
9281,6
9282,6
9283,6
9284,6
9285,6
9286,6
9287,6
9288,6
9289,7
9290,7
9291,7
9292,7
9293,7
9294,7
9295,7
9296,7
9297,7
9298,7
9299,7
9300,7
9301,7
9302,7
9303,7
9304,7
9305,7
9306,7
9307,7
9308,7
9309,7
9310,7
9311,7
9312,7
9313,7
9314,7
9315,7
9316,7
9317,7
9318,7
9319,7
9320,7
9321,7
9322,7
9323,7
9324,7
9325,7
9326,7
9327,7
9328,7
9329,7
9330,7
9331,7
9332,6
9333,6
9334,6
9335,5
9336,5
9337,5
9338,5
9339,5
9340,5
9341,6
9342,6
9343,6
9344,6
9345,6
9346,6
9347,6
9348,7
9349,6
9350,6
9351,6
9352,6
9353,6
9354,6
9355,6
9356,6
9357,6
9358,6
9359,6
9360,6
9361,5
9362,5
9363,5
9364,5
9365,6
9366,5
9367,5
9368,5
9369,5
9370,5
9371,5
9372,5
9373,5
9374,5
9375,5
9376,5
9377,5
9378,5
9379,5
9380,5
9381,5
9382,5
9383,5
9384,5
9385,5
9386,5
9387,5
9388,5
9389,5
9390,6
9391,6
9392,6
9393,6
9394,6
9395,7
9396,7
9397,7
9398,7
9399,7
9400,7
9401,7
9402,7
9403,8
9404,8
9405,8
9406,8
9407,8
9408,8
9409,8
9410,8
9411,8
9412,8
9413,8
9414,8
9415,8
9416,7
9417,7
9418,8
9419,8
9420,8
9421,8
9422,8
9423,8
9424,8
9425,8
9426,8
9427,8
9428,8
9429,8
9430,8
9431,8
9432,8
9433,8
9434,8
9435,8
9436,8
9437,8
9438,8
9439,8
9440,8
9441,8
9442,8
9443,8
9444,8
9445,8
9446,8
9447,8
9448,8
9449,8
9450,8
9451,8
9452,8
9453,8
9454,9
9455,9
9456,9
9457,9
9458,9
9459,9
9460,9
9461,9
9462,9
9463,9
9464,9
9465,9
9466,9
9467,9
9468,9
9469,9
9470,9
9471,9
9472,9
9473,9
9474,9
9475,9
9476,9
9477,9
9478,9
9479,9
9480,9
9481,9
9482,9
9483,9
9484,9
9485,9
9486,9
9487,9
9488,9
9489,7
9490,7
9491,7
9492,7
9493,7
9494,7
9495,7
9496,7
9497,7
9498,7
9499,7
9500,7
9501,7
9502,7
9503,7
9504,7
9505,7
9506,7
9507,7
9508,7
9509,7
9510,7
9511,7
9512,7
9513,7
9514,7
9515,7
9516,7
9517,7
9518,7
9519,7
9520,8
9521,8
9522,8
9523,8
9524,8
9525,8
9526,8
9527,7
9528,7
9529,7
9530,7
9531,7
9532,7
9533,7
9534,7
9535,7
9536,7
9537,7
9538,7
9539,7
9540,6
9541,6
9542,6
9543,6
9544,6
9545,6
9546,6
9547,6
9548,6
9549,6
9550,6
9551,5
9552,5
9553,5
9554,5
9555,5
9556,5
9557,5
9558,5
9559,5
9560,6
9561,6
9562,6
9563,6
9564,6
9565,6
9566,6
9567,6
9568,6
9569,6
9570,6
9571,6
9572,6
9573,6
9574,6
9575,6
9576,6
9577,6
9578,6
9579,6
9580,6
9581,6
9582,6
9583,6
9584,6
9585,6
9586,6
9587,6
9588,6
9589,6
9590,6
9591,5
9592,5
9593,5
9594,5
9595,5
9596,5
9597,5
9598,5
9599,5
9600,5
9601,5
9602,5
9603,5
9604,5
9605,5
9606,5
9607,5
9608,5
9609,5
9610,5
9611,5
9612,5
9613,5
9614,5
9615,5
9616,5
9617,5
9618,5
9619,5
9620,4
9621,4
9622,4
9623,4
9624,4
9625,4
9626,4
9627,3
9628,3
9629,3
9630,3
9631,3
9632,3
9633,3
9634,3
9635,3
9636,3
9637,3
9638,3
9639,3
9640,3
9641,3
9642,3
9643,3
9644,3
9645,3
9646,3
9647,3
9648,3
9649,3
9650,3
9651,3
9652,2
9653,2
9654,2
9655,2
9656,2
9657,2
9658,2
9659,2
9660,2
9661,2
9662,2
9663,2
9664,2
9665,2
9666,2
9667,2
9668,2
9669,2
9670,2
9671,2
9672,2
9673,2
9674,2
9675,2
9676,2
9677,2
9678,2
9679,2
9680,2
9681,2
9682,2
9683,2
9684,2
9685,3
9686,3
9687,3
9688,3
9689,3
9690,4
9691,4
9692,4
9693,4
9694,4
9695,4
9696,4
9697,4
9698,4
9699,4
9700,4
9701,4
9702,4
9703,4
9704,4
9705,4
9706,4
9707,4
9708,4
9709,4
9710,4
9711,4
9712,4
9713,4
9714,4
9715,4
9716,4
9717,4
9718,4
9719,5
9720,5
9721,5
9722,5
9723,5
9724,5
9725,5
9726,5
9727,5
9728,5
9729,5
9730,5
9731,5
9732,5
9733,5
9734,5
9735,5
9736,5
9737,5
9738,5
9739,5
9740,5
9741,5
9742,5
9743,5
9744,5
9745,5
9746,5
9747,5
9748,6
9749,6
9750,5
9751,5
9752,5
9753,5
9754,5
9755,5
9756,5
9757,5
9758,5
9759,5
9760,5
9761,5
9762,5
9763,5
9764,5
9765,5
9766,5
9767,5
9768,5
9769,5
9770,4
9771,4
9772,4
9773,4
9774,4
9775,4
9776,4
9777,4
9778,4
9779,4
9780,4
9781,4
9782,4
9783,4
9784,4
9785,4
9786,4
9787,4
9788,4
9789,4
9790,4
9791,4
9792,4
9793,4
9794,4
9795,4
9796,4
9797,4
9798,4
9799,4
9800,4
9801,4
9802,4
9803,4
9804,4
9805,4
9806,4
9807,4
9808,4
9809,4
9810,4
9811,4
9812,4
9813,4
9814,4
9815,4
9816,4
9817,4
9818,4
9819,4
9820,4
9821,4
9822,3
9823,3
9824,3
9825,3
9826,3
9827,3
9828,3
9829,3
9830,3
9831,3
9832,4
9833,4
9834,4
9835,4
9836,4
9837,4
9838,4
9839,4
9840,4
9841,4
9842,4
9843,4
9844,4
9845,4
9846,4
9847,4
9848,4
9849,4
9850,4
9851,4
9852,4
9853,4
9854,4
9855,4
9856,4
9857,4
9858,4
9859,4
9860,5
9861,5
9862,5
9863,5
9864,5
9865,5
9866,5
9867,5
9868,5
9869,5
9870,6
9871,6
9872,6
9873,5
9874,5
9875,5
9876,5
9877,5
9878,5
9879,5
9880,5
9881,5
9882,5
9883,5
9884,5
9885,5
9886,5
9887,5
9888,5
9889,5
9890,5
9891,5
9892,5
9893,4
9894,4
9895,4
9896,4
9897,4
9898,4
9899,3
9900,3
9901,3
9902,3
9903,3
9904,3
9905,3
9906,3
9907,3
9908,3
9909,3
9910,3
9911,3
9912,3
9913,3
9914,3
9915,3
9916,3
9917,3
9918,2
9919,2
9920,2
9921,2
9922,2
9923,2
9924,2
9925,2
9926,2
9927,2
9928,2
9929,2
9930,2
9931,2
9932,2
9933,2
9934,2
9935,2
9936,2
9937,2
9938,2
9939,2
9940,2
9941,2
9942,2
9943,2
9944,2
9945,2
9946,2
9947,2
9948,2
9949,2
9950,2
9951,2
9952,2
9953,2
9954,2
9955,2
9956,2
9957,2
9958,2
9959,2
9960,2
9961,2
9962,2
9963,2
9964,2
9965,2
9966,2
9967,2
9968,2
9969,2
9970,2
9971,3
9972,3
9973,3
9974,3
9975,3
9976,3
9977,3
9978,2
9979,2
9980,2
9981,2
9982,2
9983,2
9984,2
9985,2
9986,2
9987,2
9988,2
9989,2
9990,2
9991,2
9992,2
9993,2
9994,3
9995,3
9996,3
9997,3
9998,3
9999,3
10000,3
10001,3
10002,3
10003,4
10004,4
10005,4
10006,4
10007,4
10008,4
10009,4
10010,4
10011,4
10012,4
10013,4
10014,4
10015,4
10016,4
10017,4
10018,4
10019,4
10020,4
10021,4
10022,4
10023,4
10024,4
10025,4
10026,4
10027,4
10028,4
10029,4
10030,4
10031,4
10032,4
10033,4
10034,4
10035,4
10036,4
10037,4
10038,4
10039,4
10040,4
10041,4
10042,4
10043,3
10044,3
10045,3
10046,3
10047,3
10048,3
10049,3
10050,3
10051,3
10052,3
10053,3
10054,3
10055,3
10056,3
10057,3
10058,3
10059,3
10060,3
10061,3
10062,3
10063,3
10064,3
10065,3
10066,3
10067,3
10068,3
10069,3
10070,3
10071,3
10072,2
10073,2
10074,2
10075,2
10076,1
10077,1
10078,1
10079,1
10080,1
10081,1
10082,1
10083,1
10084,1
10085,1
10086,1
10087,1
10088,1
10089,1
10090,2
10091,2
10092,2
10093,2
10094,2
10095,2
10096,1
10097,1
10098,1
10099,1
10100,1
10101,1
10102,1
10103,1
10104,1
10105,1
10106,1
10107,1
10108,1
10109,1
10110,1
10111,1
10112,1
10113,1
10114,1
10115,1
10116,1
10117,1
10118,1
10119,1
10120,1
10121,1
10122,1
10123,1
10124,1
10125,1
10126,1
10127,1
10128,1
10129,1
10130,1
10131,1
10132,1
10133,1
10134,1
10135,1
10136,1
10137,1
10138,1
10139,1
10140,1
10141,1
10142,1
10143,1
10144,1
10145,1
10146,1
10147,1
10148,1
10149,1
10150,1
10151,1
10152,1
10153,1
10154,1
10155,1
10156,1
10157,1
10158,1
10159,1
10160,1
10161,1
10162,1
10163,1
10164,1
10165,1
10166,1
10167,1
10168,1
10169,1
10170,1
10171,1
10172,1
10173,1
10174,1
10175,1
10176,1
10177,1
10178,1
10179,1
10180,1
10181,1
10182,1
10183,1
10184,1
10185,1
10186,1
10187,1
10188,1
10189,1
10190,1
10191,1
10192,1
10193,1
10194,1
10195,1
10196,1
10197,1
10198,1
10199,1
10200,1
10201,1
10202,1
10203,1
10204,1
10205,1
10206,1
10207,1
10208,1
10209,1
10210,1
10211,1
10212,1
10213,1
10214,1
10215,1
10216,1
10217,1
10218,1
10219,1
10220,2
10221,2
10222,2
10223,2
10224,2
10225,1
10226,1
10227,1
10228,1
10229,1
10230,1
10231,1
10232,1
10233,1
10234,1
10235,1
10236,1
10237,1
10238,2
10239,2
10240,2
10241,2
10242,2
10243,2
10244,2
10245,2
10246,2
10247,2
10248,2
10249,2
10250,2
10251,2
10252,2
10253,2
10254,2
10255,2
10256,2
10257,2
10258,2
10259,2
10260,2
10261,2
10262,2
10263,2
10264,2
10265,2
10266,2
10267,2
10268,2
10269,2
10270,2
10271,2
10272,2
10273,2
10274,2
10275,2
10276,2
10277,2
10278,2
10279,2
10280,2
10281,2
10282,2
10283,2
10284,2
10285,2
10286,2
10287,2
10288,2
10289,2
10290,2
10291,3
10292,3
10293,3
10294,3
10295,3
10296,3
10297,3
10298,3
10299,3
10300,3
10301,3
10302,3
10303,3
10304,3
10305,3
10306,3
10307,3
10308,3
10309,3
10310,3
10311,3
10312,3
10313,3
10314,3
10315,3
10316,3
10317,3
10318,2
10319,2
10320,3
10321,3
10322,4
10323,4
10324,4
10325,4
10326,4
10327,4
10328,4
10329,4
10330,3
10331,3
10332,3
10333,3
10334,3
10335,3
10336,3
10337,3
10338,3
10339,3
10340,3
10341,3
10342,3
10343,3
10344,3
10345,3
10346,3
10347,3
10348,3
10349,3
10350,3
10351,3
10352,3
10353,3
10354,3
10355,3
10356,3
10357,3
10358,3
10359,3
10360,3
10361,3
10362,3
10363,3
10364,3
10365,3
10366,3
10367,3
10368,3
10369,3
10370,3
10371,3
10372,3
10373,3
10374,3
10375,3
10376,3
10377,3
10378,3
10379,3
10380,3
10381,3
10382,3
10383,3
10384,3
10385,3
10386,3
10387,3
10388,4
10389,4
10390,4
10391,4
10392,4
10393,4
10394,4
10395,4
10396,4
10397,4
10398,4
10399,4
10400,4
10401,4
10402,4
10403,4
10404,4
10405,4
10406,4
10407,4
10408,4
10409,4
10410,4
10411,4
10412,5
10413,5
10414,5
10415,5
10416,5
10417,5
10418,5
10419,6
10420,6
10421,6
10422,6
10423,7
10424,7
10425,8
10426,8
10427,8
10428,8
10429,8
10430,8
10431,8
10432,8
10433,8
10434,8
10435,8
10436,8
10437,7
10438,7
10439,7
10440,7
10441,7
10442,7
10443,7
10444,7
10445,7
10446,7
10447,7
10448,7
10449,7
10450,7
10451,7
10452,7
10453,7
10454,7
10455,7
10456,7
10457,7
10458,7
10459,7
10460,7
10461,7
10462,7
10463,8
10464,8
10465,8
10466,8
10467,8
10468,8
10469,8
10470,8
10471,8
10472,8
10473,7
10474,7
10475,7
10476,7
10477,7
10478,7
10479,7
10480,7
10481,6
10482,6
10483,6
10484,6
10485,6
10486,6
10487,6
10488,6
10489,6
10490,6
10491,6
10492,6
10493,6
10494,6
10495,6
10496,6
10497,6
10498,6
10499,6
10500,6
10501,6
10502,6
10503,6
10504,6
10505,6
10506,6
10507,6
10508,6
10509,6
10510,6
10511,6
10512,6
10513,6
10514,6
10515,6
10516,6
10517,6
10518,6
10519,5
10520,5
10521,5
10522,5
10523,5
10524,5
10525,6
10526,6
10527,6
10528,6
10529,6
10530,6
10531,6
10532,6
10533,6
10534,6
10535,6
10536,6
10537,6
10538,6
10539,6
10540,6
10541,6
10542,6
10543,5
10544,5
10545,5
10546,5
10547,5
10548,5
10549,5
10550,5
10551,5
10552,5
10553,5
10554,5
10555,5
10556,5
10557,5
10558,5
10559,5
10560,5
10561,5
10562,4
10563,5
10564,5
10565,5
10566,5
10567,5
10568,5
10569,5
10570,5
10571,5
10572,5
10573,5
10574,5
10575,5
10576,5
10577,5
10578,5
10579,5
10580,5
10581,5
10582,5
10583,5
10584,5
10585,5
10586,5
10587,5
10588,5
10589,5
10590,5
10591,5
10592,5
10593,5
10594,5
10595,5
10596,5
10597,5
10598,5
10599,5
10600,5
10601,5
10602,5
10603,5
10604,5
10605,5
10606,5
10607,5
10608,5
10609,5
10610,5
10611,5
10612,6
10613,6
10614,6
10615,6
10616,5
10617,5
10618,5
10619,5
10620,5
10621,5
10622,5
10623,5
10624,5
10625,5
10626,5
10627,5
10628,5
10629,5
10630,5
10631,5
10632,5
10633,5
10634,5
10635,5
10636,5
10637,5
10638,6
10639,6
10640,6
10641,6
10642,6
10643,6
10644,6
10645,6
10646,6
10647,6
10648,6
10649,6
10650,6
10651,6
10652,5
10653,5
10654,5
10655,5
10656,5
10657,5
10658,5
10659,4
10660,4
10661,4
10662,4
10663,4
10664,4
10665,4
10666,4
10667,4
10668,4
10669,4
10670,4
10671,4
10672,4
10673,4
10674,4
10675,4
10676,4
10677,4
10678,4
10679,4
10680,4
10681,4
10682,4
10683,4
10684,4
10685,4
10686,4
10687,5
10688,5
10689,5
10690,5
10691,5
10692,5
10693,5
10694,5
10695,5
10696,5
10697,5
10698,4
10699,4
10700,4
10701,4
10702,4
10703,4
10704,4
10705,3
10706,3
10707,3
10708,3
10709,3
10710,3
10711,3
10712,3
10713,3
10714,3
10715,3
10716,3
10717,3
10718,3
10719,3
10720,3
10721,3
10722,3
10723,3
10724,3
10725,3
10726,3
10727,3
10728,3
10729,3
10730,3
10731,3
10732,3
10733,3
10734,3
10735,3
10736,3
10737,3
10738,3
10739,3
10740,3
10741,3
10742,3
10743,3
10744,3
10745,3
10746,3
10747,3
10748,3
10749,3
10750,3
10751,3
10752,3
10753,3
10754,3
10755,3
10756,3
10757,3
10758,3
10759,3
10760,3
10761,2
10762,2
10763,2
10764,2
10765,2
10766,2
10767,2
10768,2
10769,2
10770,2
10771,2
10772,2
10773,2
10774,2
10775,2
10776,2
10777,2
10778,2
10779,2
10780,2
10781,2
10782,1
10783,1
10784,1
10785,1
10786,1
10787,1
10788,1
10789,1
10790,1
10791,1
10792,1
10793,1
10794,1
10795,1
10796,1
10797,1
10798,1
10799,1
